method,variable,surface_~5m,0-50m,50-200m,200m+
NeSPReSO PCA+MLP,TEMP,0.705924,0.736521,0.867406,0.489586
NeSPReSO PCA+MLP,SALT,0.153058,0.162260,0.165597,0.107532
