{
  "tag": "anchor_mbca_18x30",
  "task": "week4_full_train",
  "variant": "mbca",
  "config": "profiles_woa_surf",
  "protocol": "protocol_v1",
  "git_commit": "072c97a67f487f47826427daf2b98554e905938e",
  "smoke": false,
  "seed": 1234,
  "device": "NVIDIA A100-SXM4-80GB",
  "tf32": true,
  "steps": 60000,
  "val_every": 2500,
  "patience": 8,
  "queries_per_step": 16384,
  "lr": 0.0003,
  "lr_min": 1e-05,
  "schedule": "cosine",
  "optimizer": "Adam",
  "n_params": 1050242,
  "d_model": 128,
  "n_latent": 128,
  "n_heads": 4,
  "n_self_blocks": 4,
  "profile_count_augmentation": [
    0,
    3000
  ],
  "n_profiles_eval": 1500,
  "obs_query_frac": 0.25,
  "warmup": 2000,
  "input_noise": 0.05,
  "weight_decay": 0.01,
  "grid_drop": 0.3,
  "val_queries_subsample": 100000,
  "coord_features": "fourier_v2",
  "train_months": 276,
  "val_months": 36,
  "test_months": [
    1933,
    1935,
    1936,
    1938,
    1942,
    1946,
    1952,
    1953,
    1956,
    1965,
    1967,
    1976
  ],
  "val_floor": {
    "TEMP": 0.5042736524242883,
    "SALT": 0.11403355393214286
  },
  "test_floor": {
    "TEMP": 0.5521032754278904,
    "SALT": 0.13053003502043004
  },
  "ckpt": "/home/nvidia/ocean_project/outputs/ckpt/anchor_mbca_18x30.pt",
  "status": "running",
  "best": {
    "score": 0.9329104390385958,
    "step": 5000,
    "val_TEMP": 0.46979977745485024,
    "val_SALT": 0.10652835632289676
  },
  "gpu_hours": 0.489,
  "curves": {
    "step": [
      2500,
      5000,
      7500,
      10000,
      12500,
      15000,
      17500,
      20000,
      22500
    ],
    "train_loss": [
      0.9426524341106415,
      0.8008019337058068,
      0.705822546929121,
      0.629094437211752,
      0.6163807161152363,
      0.5088202567398548,
      0.47847029343247416,
      0.4570614375174046,
      0.43320672899484636
    ],
    "lr": [
      0.00029994682650237613,
      0.00029808984576852127,
      0.0002936130606873837,
      0.00028659843585228877,
      0.00027717440067441404,
      0.00026551349799350726,
      0.0002518292250243608,
      0.00023637212447754545,
      0.000219425197421316
    ],
    "val_TEMP": [
      0.477321174443749,
      0.46979977745485024,
      0.5083166071288386,
      0.49492021355416904,
      0.4940916000127347,
      0.540879105838485,
      0.49206396491833465,
      0.5328845835667402,
      0.5540374018886379
    ],
    "val_SALT": [
      0.10685759757523566,
      0.10652835632289676,
      0.1141962204387481,
      0.11453783716947168,
      0.1176225572644151,
      0.13388037369903152,
      0.12018464343306902,
      0.12644020283714685,
      0.13229150174989784
    ],
    "val_score": [
      0.9418117088611369,
      0.9329104390385958,
      1.0047219308594217,
      0.9929369480660717,
      1.0056408500198786,
      1.1233170687850813,
      1.0148643123938148,
      1.0827675726256776,
      1.129397163923524
    ]
  }
}