{
  "tag": "anchor_mbca_noise50",
  "task": "week4_full_train",
  "variant": "mbca",
  "config": "profiles_woa_surf",
  "protocol": "protocol_v1",
  "git_commit": "072c97a67f487f47826427daf2b98554e905938e",
  "smoke": false,
  "seed": 1234,
  "device": "NVIDIA A100-SXM4-80GB",
  "tf32": true,
  "steps": 60000,
  "val_every": 2500,
  "patience": 8,
  "queries_per_step": 16384,
  "lr": 0.0003,
  "lr_min": 1e-05,
  "schedule": "cosine",
  "optimizer": "Adam",
  "n_params": 1050242,
  "d_model": 128,
  "n_latent": 128,
  "n_heads": 4,
  "n_self_blocks": 4,
  "profile_count_augmentation": [
    0,
    3000
  ],
  "n_profiles_eval": 1500,
  "obs_query_frac": 0.0,
  "warmup": 2000,
  "input_noise": 0.5,
  "weight_decay": 0.01,
  "grid_drop": 0.3,
  "val_queries_subsample": 100000,
  "coord_features": "fourier_v2",
  "train_months": 276,
  "val_months": 36,
  "test_months": [
    1933,
    1935,
    1936,
    1938,
    1942,
    1946,
    1952,
    1953,
    1956,
    1965,
    1967,
    1976
  ],
  "val_floor": {
    "TEMP": 0.5042736524242885,
    "SALT": 0.11403355393214289
  },
  "test_floor": {
    "TEMP": 0.5521032754278898,
    "SALT": 0.13053003502043004
  },
  "ckpt": "/home/nvidia/ocean_project/outputs/ckpt/anchor_mbca_noise50.pt",
  "status": "running",
  "best": {
    "score": 0.9449996549513044,
    "step": 2500,
    "val_TEMP": 0.4812773080524944,
    "val_SALT": 0.10669004583707137
  },
  "gpu_hours": 0.157,
  "curves": {
    "step": [
      2500,
      5000
    ],
    "train_loss": [
      0.9279249542951584,
      0.8068972489237786
    ],
    "lr": [
      0.00029994682650237613,
      0.00029808984576852127
    ],
    "val_TEMP": [
      0.4812773080524944,
      0.47844503899148394
    ],
    "val_SALT": [
      0.10669004583707137,
      0.10820077592204641
    ],
    "val_score": [
      0.9449996549513044,
      0.9488154484625813
    ]
  }
}