{
  "tag": "depthwise_e40",
  "model": "depthwise",
  "config": "profiles_woa_surf",
  "protocol": "protocol_v1",
  "git_commit": "178028b685dc2822fb9140654a39608ce44d8819",
  "smoke": false,
  "seed": 1234,
  "device": "NVIDIA A100-SXM4-80GB",
  "epochs": 40,
  "batch": 16,
  "lr": 0.002,
  "schedule": "const",
  "optimizer": "Adam",
  "n_params": 469858,
  "optimizer_steps": 13800,
  "gpu_hours": 0.189,
  "train_months": 276,
  "val_months": 36,
  "test_months": [
    1933,
    1935,
    1936,
    1938,
    1942,
    1946,
    1952,
    1953,
    1956,
    1965,
    1967,
    1976
  ],
  "val_floor": {
    "TEMP": 0.5042239427566528,
    "SALT": 0.11413589864969254
  },
  "best": {
    "score": 0.28307175489147846,
    "epoch": 40,
    "val_TEMP": 0.15048280358314514,
    "val_SALT": 0.03055408038198948
  },
  "test": {
    "TEMP": 0.15796099603176117,
    "SALT": 0.032536134123802185,
    "by_band": {
      "TEMP": {
        "0-100m": 0.1588972955942154,
        "100-300m": 0.19161102175712585,
        "300-max": 0.08372216671705246
      },
      "SALT": {
        "0-100m": 0.03925694525241852,
        "100-300m": 0.03319792076945305,
        "300-max": 0.011933228000998497
      }
    }
  },
  "curves": {
    "epoch": [
      1,
      2,
      3,
      4,
      5,
      6,
      7,
      8,
      9,
      10,
      11,
      12,
      13,
      14,
      15,
      16,
      17,
      18,
      19,
      20,
      21,
      22,
      23,
      24,
      25,
      26,
      27,
      28,
      29,
      30,
      31,
      32,
      33,
      34,
      35,
      36,
      37,
      38,
      39,
      40
    ],
    "train_loss": [
      0.4277931094601534,
      0.21347860395908355,
      0.18222115735212963,
      0.1684761894353922,
      0.15714697373518047,
      0.1490333597081295,
      0.14238694435444432,
      0.1361879138842873,
      0.13069053035283434,
      0.1270070420227189,
      0.12306826969851618,
      0.11885876862899117,
      0.11636055090289185,
      0.11307549372963284,
      0.11056333696064742,
      0.10877485223438428,
      0.10599623273896135,
      0.1045772890249888,
      0.10314886898234271,
      0.10147377654262212,
      0.0999061077941155,
      0.0982191472813703,
      0.09622331525104633,
      0.0959279664400695,
      0.09497178525164507,
      0.0933224677607633,
      0.0929180213290712,
      0.0920064472309921,
      0.09150282757869665,
      0.09091217420671298,
      0.08877833144388338,
      0.08877689639727275,
      0.08746907702390698,
      0.08744795960576637,
      0.08646269676046095,
      0.08599308857667273,
      0.086281133281148,
      0.08485121049958727,
      0.08418977667672047,
      0.0835265646810117
    ],
    "lr": [
      0.002,
      0.002,
      0.002,
      0.002,
      0.002,
      0.002,
      0.002,
      0.002,
      0.002,
      0.002,
      0.002,
      0.002,
      0.002,
      0.002,
      0.002,
      0.002,
      0.002,
      0.002,
      0.002,
      0.002,
      0.002,
      0.002,
      0.002,
      0.002,
      0.002,
      0.002,
      0.002,
      0.002,
      0.002,
      0.002,
      0.002,
      0.002,
      0.002,
      0.002,
      0.002,
      0.002,
      0.002,
      0.002,
      0.002,
      0.002
    ],
    "val_TEMP": [
      0.21243977546691895,
      0.1918397843837738,
      0.1731269806623459,
      0.16950127482414246,
      0.1687384694814682,
      0.16657304763793945,
      0.1626025289297104,
      0.1604577749967575,
      0.16263490915298462,
      0.16028301417827606,
      0.16076593101024628,
      0.15715746581554413,
      0.15783308446407318,
      0.1554269939661026,
      0.15439730882644653,
      0.1556069552898407,
      0.15443363785743713,
      0.1541903018951416,
      0.15356457233428955,
      0.15217863023281097,
      0.1544610559940338,
      0.1533612608909607,
      0.15229348838329315,
      0.15288248658180237,
      0.15306608378887177,
      0.151513934135437,
      0.1529308259487152,
      0.15157708525657654,
      0.15050825476646423,
      0.1527320146560669,
      0.15194480121135712,
      0.15237949788570404,
      0.1524772346019745,
      0.15389424562454224,
      0.15176977217197418,
      0.15230712294578552,
      0.15141086280345917,
      0.15027880668640137,
      0.15037235617637634,
      0.15048280358314514
    ],
    "val_SALT": [
      0.04904481768608093,
      0.04023686796426773,
      0.03761815279722214,
      0.036526989191770554,
      0.03532152995467186,
      0.03514914959669113,
      0.034559592604637146,
      0.033282991498708725,
      0.033805523067712784,
      0.03377816081047058,
      0.032672930508852005,
      0.032635800540447235,
      0.03247833624482155,
      0.03200378268957138,
      0.032295312732458115,
      0.03180161491036415,
      0.03179492801427841,
      0.031427282840013504,
      0.03155406937003136,
      0.03137410432100296,
      0.032563239336013794,
      0.03104289621114731,
      0.031038854271173477,
      0.030819140374660492,
      0.031201718375086784,
      0.030916081741452217,
      0.03095518797636032,
      0.03198561072349548,
      0.031014278531074524,
      0.031201869249343872,
      0.031044233590364456,
      0.03129454702138901,
      0.030994439497590065,
      0.0308308657258749,
      0.030805017799139023,
      0.030601171776652336,
      0.031182467937469482,
      0.03067130036652088,
      0.03066498227417469,
      0.03055408038198948
    ],
    "val_score": [
      0.42551286768016905,
      0.36650008405008533,
      0.3364721224263035,
      0.3280966825956022,
      0.3220594606600339,
      0.3191570248201865,
      0.3126370701458149,
      0.30491782214489466,
      0.3093657945288384,
      0.30691373464502936,
      0.30255087649741064,
      0.29880998299988737,
      0.29879013135529997,
      0.2943252999550696,
      0.2945813587027824,
      0.29361810870741284,
      0.2924253267210083,
      0.2905734703146065,
      0.29050840172372294,
      0.28834568925362725,
      0.2958182893542678,
      0.28806747538141814,
      0.2869909410296768,
      0.2866124950826412,
      0.28847053004090084,
      0.28568008234048947,
      0.287256419037298,
      0.2904280356727049,
      0.2851130025300007,
      0.28813992038546504,
      0.28666874026388384,
      0.2881963541586151,
      0.28697857829158807,
      0.2876671442481601,
      0.2854472346421323,
      0.28508708699953245,
      0.2867448438214163,
      0.2833829774871053,
      0.2834480653654389,
      0.28307175489147846
    ]
  },
  "ckpt": "/home/nvidia/ocean_project/outputs/ckpt/audit_depthwise_e40.pt"
}