{
  "tag": "fullA_mbca_s1234",
  "variant": "mbca",
  "seed": 1234,
  "ckpt_step": 2500,
  "protocol": "protocol_v1",
  "n_profiles_eval": 1500,
  "probes": {
    "duplicate_half": {
      "rel_output_change_mean": 0.005361738750555863,
      "rel_output_change_per_month": [
        0.01288482453674078,
        0.00236490648239851,
        0.0008354852325282991
      ],
      "base_rmse_TEMP": 0.5066715052912194,
      "probe_rmse_TEMP": 0.506727051048482,
      "base_rmse_SALT": 0.11045194047747812,
      "probe_rmse_SALT": 0.1104765462993384
    },
    "patch_refine_2x": {
      "rel_output_change_mean": 0.0183377501865228,
      "rel_output_change_per_month": [
        0.019989436492323875,
        0.016574444249272346,
        0.018449369817972183
      ],
      "base_rmse_TEMP": 0.5066715052912193,
      "probe_rmse_TEMP": 0.5064922829565898,
      "base_rmse_SALT": 0.11045194047747812,
      "probe_rmse_SALT": 0.11035466060779564
    },
    "profile_resample_2x": {
      "rel_output_change_mean": 0.0026344992220401764,
      "rel_output_change_per_month": [
        0.002815322717651725,
        0.002437890274450183,
        0.0026502846740186214
      ],
      "base_rmse_TEMP": 0.5066715052912194,
      "probe_rmse_TEMP": 0.5067012708082244,
      "base_rmse_SALT": 0.11045194047747812,
      "probe_rmse_SALT": 0.11046545515537277
    }
  },
  "count_sweep": [
    {
      "density": 0,
      "TEMP": 0.533029931295999,
      "SALT": 0.12315940247820235,
      "floor_TEMP": 0.5521454922442889,
      "floor_SALT": 0.13054309168423564,
      "by_band": {
        "TEMP": {
          "0-100m": 0.6205139972192929,
          "100-300m": 0.5714025538528797,
          "300-max": 0.20789784259129798
        },
        "SALT": {
          "0-100m": 0.16999521005867949,
          "100-300m": 0.09247417893017476,
          "300-max": 0.02698515407418647
        }
      }
    },
    {
      "density": 50,
      "TEMP": 0.5259861423325011,
      "SALT": 0.11886606876935557,
      "floor_TEMP": 0.5521534071298209,
      "floor_SALT": 0.13055147619961047,
      "by_band": {
        "TEMP": {
          "0-100m": 0.6154115439173182,
          "100-300m": 0.5612471043684759,
          "300-max": 0.1992718907898583
        },
        "SALT": {
          "0-100m": 0.1642977872221889,
          "100-300m": 0.0886826070969711,
          "300-max": 0.0263684159762064
        }
      }
    },
    {
      "density": 150,
      "TEMP": 0.5260434774564867,
      "SALT": 0.11886126938102888,
      "floor_TEMP": 0.5522452639028278,
      "floor_SALT": 0.13055235175566,
      "by_band": {
        "TEMP": {
          "0-100m": 0.6153272300671229,
          "100-300m": 0.5615274815564804,
          "300-max": 0.19921984929513745
        },
        "SALT": {
          "0-100m": 0.16429784988767346,
          "100-300m": 0.08866602411351351,
          "300-max": 0.02636513231643671
        }
      }
    },
    {
      "density": 375,
      "TEMP": 0.525953965566276,
      "SALT": 0.1187646177382971,
      "floor_TEMP": 0.5521637496482517,
      "floor_SALT": 0.13054102739882176,
      "by_band": {
        "TEMP": {
          "0-100m": 0.6155113877296042,
          "100-300m": 0.5610833520964009,
          "300-max": 0.19903847784198592
        },
        "SALT": {
          "0-100m": 0.16415873977699225,
          "100-300m": 0.08859906605174107,
          "300-max": 0.026359391116910057
        }
      }
    },
    {
      "density": 750,
      "TEMP": 0.5259522824230296,
      "SALT": 0.11878150183280768,
      "floor_TEMP": 0.5520762205776801,
      "floor_SALT": 0.13055701217041996,
      "by_band": {
        "TEMP": {
          "0-100m": 0.6153546232339443,
          "100-300m": 0.5612829941983455,
          "300-max": 0.19904776206504035
        },
        "SALT": {
          "0-100m": 0.1641857758263906,
          "100-300m": 0.08860592857645283,
          "300-max": 0.026358543383772737
        }
      }
    },
    {
      "density": 1500,
      "TEMP": 0.5261745314006068,
      "SALT": 0.11880000011455616,
      "floor_TEMP": 0.5523387819474497,
      "floor_SALT": 0.13055434000098137,
      "by_band": {
        "TEMP": {
          "0-100m": 0.6158352651223222,
          "100-300m": 0.5612604528577562,
          "300-max": 0.1990830782081654
        },
        "SALT": {
          "0-100m": 0.16421010093296415,
          "100-300m": 0.0886267145940463,
          "300-max": 0.026376782414685995
        }
      }
    },
    {
      "density": 3000,
      "TEMP": 0.5257790322493231,
      "SALT": 0.11888476505862008,
      "floor_TEMP": 0.5518980813050033,
      "floor_SALT": 0.1306288231356238,
      "by_band": {
        "TEMP": {
          "0-100m": 0.6153231942485295,
          "100-300m": 0.5608709264431311,
          "300-max": 0.19900004666584503
        },
        "SALT": {
          "0-100m": 0.1643386247438293,
          "100-300m": 0.08866780485559492,
          "300-max": 0.02636418748802908
        }
      }
    }
  ],
  "modality_floor": {
    "TEMP": 0.5521032754278911,
    "SALT": 0.13053003502042998
  },
  "modality_matrix": {
    "full": {
      "TEMP": 0.5260000727455061,
      "SALT": 0.11876546584561036,
      "by_band": {
        "TEMP": {
          "0-100m": 0.6156200560050347,
          "100-300m": 0.5610908200088592,
          "300-max": 0.19897606060287945
        },
        "SALT": {
          "0-100m": 0.16419286225049762,
          "100-300m": 0.08853802931483534,
          "300-max": 0.02634493842732904
        }
      }
    },
    "drop_surf": {
      "TEMP": 0.5276058341608428,
      "SALT": 0.11930360847713088,
      "by_band": {
        "TEMP": {
          "0-100m": 0.617690130990667,
          "100-300m": 0.5625057814978881,
          "300-max": 0.19978526381959272
        },
        "SALT": {
          "0-100m": 0.1650966639074353,
          "100-300m": 0.08861182654441839,
          "300-max": 0.02633101940498262
        }
      }
    },
    "drop_woa": {
      "TEMP": 0.5243670029681312,
      "SALT": 0.11789602302638279,
      "by_band": {
        "TEMP": {
          "0-100m": 0.6141130327760619,
          "100-300m": 0.5590385995127536,
          "300-max": 0.1974423799873522
        },
        "SALT": {
          "0-100m": 0.16277935098405924,
          "100-300m": 0.08830807924840274,
          "300-max": 0.026390293800989898
        }
      }
    },
    "drop_profiles": {
      "TEMP": 0.532994934884649,
      "SALT": 0.1231486521280918,
      "by_band": {
        "TEMP": {
          "0-100m": 0.6205514700201156,
          "100-300m": 0.5712748309096034,
          "300-max": 0.2078621891306162
        },
        "SALT": {
          "0-100m": 0.1700031560938655,
          "100-300m": 0.09242323705158376,
          "300-max": 0.02697359646876825
        }
      }
    }
  }
}