{
  "tag": "full_resampler_s1234",
  "task": "week4_full_train",
  "variant": "resampler",
  "config": "profiles_woa_surf",
  "protocol": "protocol_v1",
  "git_commit": "072c97a67f487f47826427daf2b98554e905938e",
  "smoke": false,
  "seed": 1234,
  "device": "NVIDIA A100-SXM4-80GB",
  "tf32": true,
  "steps": 100000,
  "val_every": 2500,
  "patience": 10,
  "queries_per_step": 8192,
  "lr": 0.0003,
  "lr_min": 1e-05,
  "schedule": "cosine",
  "optimizer": "Adam",
  "n_params": 1071362,
  "d_model": 128,
  "n_latent": 128,
  "n_heads": 4,
  "n_self_blocks": 4,
  "profile_count_augmentation": [
    0,
    3000
  ],
  "n_profiles_eval": 1500,
  "obs_query_frac": 0.25,
  "warmup": 1000,
  "coord_features": "fourier_v2",
  "train_months": 276,
  "val_months": 36,
  "test_months": [
    1933,
    1935,
    1936,
    1938,
    1942,
    1946,
    1952,
    1953,
    1956,
    1965,
    1967,
    1976
  ],
  "val_floor": {
    "TEMP": 0.5043541081069741,
    "SALT": 0.11415249688277238
  },
  "test_floor": {
    "TEMP": 0.5521032754278906,
    "SALT": 0.13053003502042995
  },
  "ckpt": "/home/nvidia/ocean_project/outputs/ckpt/full_resampler_s1234.pt",
  "status": "done",
  "best": {
    "score": 0.9562944069951758,
    "step": 2500,
    "val_TEMP": 0.4783850588078564,
    "val_SALT": 0.11005197127839937
  },
  "test": {
    "TEMP": 0.5258052935717132,
    "SALT": 0.12118636848020317,
    "by_band": {
      "TEMP": {
        "0-100m": 0.6155173791778532,
        "100-300m": 0.5606001700836973,
        "300-max": 0.19939829204192286
      },
      "SALT": {
        "0-100m": 0.1670838471161898,
        "100-300m": 0.09140418948181482,
        "300-max": 0.026576032661636936
      }
    },
    "by_depth": {
      "TEMP": [
        0.5866935975175653,
        0.5816575448415122,
        0.5810715758896597,
        0.588005779014829,
        0.6161646196231766,
        0.6430713157033606,
        0.6575267824157226,
        0.6658824515020298,
        0.6940382642048186,
        0.6885569021078506,
        0.634719664742905,
        0.5614252875261383,
        0.48696994588962567,
        0.4011236594135062,
        0.34141767934068706,
        0.2908149085531835,
        0.2370642745150058,
        0.18423085458586008,
        0.12346575862184413,
        0.07851621011635891
      ],
      "SALT": [
        0.1951950218808933,
        0.19173398530929744,
        0.18385268223215695,
        0.16873341533998829,
        0.16039150261064966,
        0.15130868371255318,
        0.1423806792709566,
        0.12879870555908837,
        0.11669121429351124,
        0.10815969656054433,
        0.10007470990474555,
        0.09219804471701643,
        0.08280302461608118,
        0.0681591522667306,
        0.05336292940990907,
        0.040389682710014384,
        0.0305241735691567,
        0.02272568729138464,
        0.015872996072136478,
        0.01229834013702575
      ]
    },
    "skill_vs_floor": {
      "TEMP": 0.04763235978956282,
      "SALT": 0.0715825023624973
    }
  },
  "optimizer_steps": 30000,
  "gpu_hours": 0.934,
  "curves": {
    "step": [
      2500,
      5000,
      7500,
      10000,
      12500,
      15000,
      17500,
      20000,
      22500,
      25000,
      27500,
      30000
    ],
    "train_loss": [
      0.9379518729448318,
      0.8552610909938813,
      0.7957155653834342,
      0.7053956829011441,
      0.6781229583919048,
      0.6408136712014675,
      0.6017039793729783,
      0.5737228022515773,
      0.54060103520751,
      0.5414666219055653,
      0.5335488405823707,
      0.48691640004515646
    ],
    "lr": [
      0.0002998357641815361,
      0.0002988334478604653,
      0.0002969263547011429,
      0.0002941264811741021,
      0.0002904514397384405,
      0.0002859243480515601,
      0.0002805736835487436,
      0.0002744331043073257,
      0.0002675412373223047,
      0.00025994143552523515,
      0.00025168150507486227,
      0.00024281340463496164
    ],
    "val_TEMP": [
      0.4783850588078564,
      0.4856446201265769,
      0.4889017209057292,
      0.4953844458072597,
      0.5064614914440518,
      0.5446982373062113,
      0.5521404734299271,
      0.5524059362247059,
      0.5382006946317806,
      0.5498707356323302,
      0.5543948552035157,
      0.5500831334125561
    ],
    "val_SALT": [
      0.11005197127839937,
      0.10988263206103699,
      0.10902463257166053,
      0.1137934437855483,
      0.11107740547589585,
      0.1260003838724602,
      0.11115922508981668,
      0.1148347268335207,
      0.11411052652591197,
      0.12609675101972903,
      0.12346867692631779,
      0.11872801517859878
    ],
    "val_score": [
      0.9562944069951758,
      0.9627495725783883,
      0.9622204262462337,
      0.9895350826238262,
      0.9886199648787036,
      1.0918908339060391,
      1.0342629770396574,
      1.0506252341490943,
      1.0333705530636357,
      1.097440776147443,
      1.0904145965586993,
      1.0653754985763026
    ]
  }
}