{
  "tag": "fullA_mbca_s1236",
  "variant": "mbca",
  "seed": 1236,
  "ckpt_step": 5000,
  "protocol": "protocol_v1",
  "n_profiles_eval": 1500,
  "probes": {
    "duplicate_half": {
      "rel_output_change_mean": 0.0499482254187266,
      "rel_output_change_per_month": [
        0.036100514233112335,
        0.033205531537532806,
        0.08053863048553467
      ],
      "base_rmse_TEMP": 0.5096627655145333,
      "probe_rmse_TEMP": 0.5095890894932888,
      "base_rmse_SALT": 0.10810908170146671,
      "probe_rmse_SALT": 0.10839850446653748
    },
    "patch_refine_2x": {
      "rel_output_change_mean": 0.018644872431953747,
      "rel_output_change_per_month": [
        0.025374500080943108,
        0.013241440057754517,
        0.01731867715716362
      ],
      "base_rmse_TEMP": 0.5096627655145333,
      "probe_rmse_TEMP": 0.5094662846104855,
      "base_rmse_SALT": 0.10810908170146671,
      "probe_rmse_SALT": 0.10817129486750222
    },
    "profile_resample_2x": {
      "rel_output_change_mean": 0.13161028176546097,
      "rel_output_change_per_month": [
        0.10926123708486557,
        0.15972062945365906,
        0.12584897875785828
      ],
      "base_rmse_TEMP": 0.5096627655145333,
      "probe_rmse_TEMP": 0.5089125162235058,
      "base_rmse_SALT": 0.10810908170146671,
      "probe_rmse_SALT": 0.10933124276730373
    }
  },
  "count_sweep": [
    {
      "density": 0,
      "TEMP": 0.5235626256272861,
      "SALT": 0.12269466543625897,
      "floor_TEMP": 0.5521454922442894,
      "floor_SALT": 0.13054309168423567,
      "by_band": {
        "TEMP": {
          "0-100m": 0.6128958022525774,
          "100-300m": 0.5577649508231951,
          "300-max": 0.2003432123550839
        },
        "SALT": {
          "0-100m": 0.16821857995461942,
          "100-300m": 0.09455465031483488,
          "300-max": 0.02697458148392531
        }
      }
    },
    {
      "density": 50,
      "TEMP": 0.5194312088379285,
      "SALT": 0.12228520776504025,
      "floor_TEMP": 0.5521500087015639,
      "floor_SALT": 0.13054657505292355,
      "by_band": {
        "TEMP": {
          "0-100m": 0.6140317068220831,
          "100-300m": 0.5477231451092035,
          "300-max": 0.18924787746541719
        },
        "SALT": {
          "0-100m": 0.17078985970023705,
          "100-300m": 0.08755752414369616,
          "300-max": 0.0254837561125252
        }
      }
    },
    {
      "density": 150,
      "TEMP": 0.5221663827767867,
      "SALT": 0.12282688620735939,
      "floor_TEMP": 0.5522720848358618,
      "floor_SALT": 0.1305477514886753,
      "by_band": {
        "TEMP": {
          "0-100m": 0.6147228687439075,
          "100-300m": 0.5538004628420967,
          "300-max": 0.19107185253952488
        },
        "SALT": {
          "0-100m": 0.17125107844074755,
          "100-300m": 0.08856137616198517,
          "300-max": 0.02594721225350065
        }
      }
    },
    {
      "density": 375,
      "TEMP": 0.5192086720550737,
      "SALT": 0.1226405870313582,
      "floor_TEMP": 0.5520979640712478,
      "floor_SALT": 0.13055696982356527,
      "by_band": {
        "TEMP": {
          "0-100m": 0.6136664690296109,
          "100-300m": 0.5479595065254277,
          "300-max": 0.18772612008397938
        },
        "SALT": {
          "0-100m": 0.17195466198558046,
          "100-300m": 0.08628819751204211,
          "300-max": 0.02531415990814356
        }
      }
    },
    {
      "density": 750,
      "TEMP": 0.5194835866741963,
      "SALT": 0.12265867910019171,
      "floor_TEMP": 0.5522408022307981,
      "floor_SALT": 0.13058921680731703,
      "by_band": {
        "TEMP": {
          "0-100m": 0.614124775793689,
          "100-300m": 0.5481871585499245,
          "300-max": 0.18732510081650905
        },
        "SALT": {
          "0-100m": 0.17207058853458118,
          "100-300m": 0.08611055577913727,
          "300-max": 0.025197479856415878
        }
      }
    },
    {
      "density": 1500,
      "TEMP": 0.5197362462128255,
      "SALT": 0.12288130676304862,
      "floor_TEMP": 0.5523692977132028,
      "floor_SALT": 0.13061759011832216,
      "by_band": {
        "TEMP": {
          "0-100m": 0.6142916459978437,
          "100-300m": 0.5485931040870488,
          "300-max": 0.18746648950421624
        },
        "SALT": {
          "0-100m": 0.1724581672643632,
          "100-300m": 0.0860869046169068,
          "300-max": 0.025161182983164828
        }
      }
    },
    {
      "density": 3000,
      "TEMP": 0.5194175699748318,
      "SALT": 0.12296654175258423,
      "floor_TEMP": 0.5517762202092333,
      "floor_SALT": 0.1306226568430645,
      "by_band": {
        "TEMP": {
          "0-100m": 0.6142229788149932,
          "100-300m": 0.5479616216372984,
          "300-max": 0.18694969771862377
        },
        "SALT": {
          "0-100m": 0.17259171491746272,
          "100-300m": 0.08612180064878973,
          "300-max": 0.02519127624985146
        }
      }
    }
  ],
  "modality_floor": {
    "TEMP": 0.5521031881494467,
    "SALT": 0.13053852094114776
  },
  "modality_matrix": {
    "full": {
      "TEMP": 0.5197668401015715,
      "SALT": 0.12285363547916095,
      "by_band": {
        "TEMP": {
          "0-100m": 0.6143375906801481,
          "100-300m": 0.5487032621146563,
          "300-max": 0.18721861462252318
        },
        "SALT": {
          "0-100m": 0.17239590055324344,
          "100-300m": 0.08613292183551052,
          "300-max": 0.02520719489542223
        }
      }
    },
    "drop_surf": {
      "TEMP": 0.5197696181955062,
      "SALT": 0.12267616399897477,
      "by_band": {
        "TEMP": {
          "0-100m": 0.6140391051091587,
          "100-300m": 0.5490422056753962,
          "300-max": 0.18750832365438577
        },
        "SALT": {
          "0-100m": 0.17213804442703032,
          "100-300m": 0.08605558312651186,
          "300-max": 0.025038573868191104
        }
      }
    },
    "drop_woa": {
      "TEMP": 0.5195950454687577,
      "SALT": 0.12331939241645218,
      "by_band": {
        "TEMP": {
          "0-100m": 0.6144150118516456,
          "100-300m": 0.5482241305199564,
          "300-max": 0.18682332278106983
        },
        "SALT": {
          "0-100m": 0.17303917171996622,
          "100-300m": 0.08643251397523419,
          "300-max": 0.025562210035290824
        }
      }
    },
    "drop_profiles": {
      "TEMP": 0.5235522920665385,
      "SALT": 0.12267885252635809,
      "by_band": {
        "TEMP": {
          "0-100m": 0.612795843554597,
          "100-300m": 0.5578900084294646,
          "300-max": 0.20026679241252238
        },
        "SALT": {
          "0-100m": 0.1681901115438786,
          "100-300m": 0.09455634204387754,
          "300-max": 0.026983646894906427
        }
      }
    }
  }
}