{
  "tag": "fullA_resampler_s1234",
  "variant": "resampler",
  "seed": 1234,
  "ckpt_step": 5000,
  "protocol": "protocol_v1",
  "n_profiles_eval": 1500,
  "probes": {
    "duplicate_half": {
      "rel_output_change_mean": 0.007645657906929652,
      "rel_output_change_per_month": [
        0.0035699422005563974,
        0.017117729410529137,
        0.0022493021097034216
      ],
      "base_rmse_TEMP": 0.5233446361254108,
      "probe_rmse_TEMP": 0.5229858143004064,
      "base_rmse_SALT": 0.10708431589115003,
      "probe_rmse_SALT": 0.10704788257724161
    },
    "patch_refine_2x": {
      "rel_output_change_mean": 0.005258921223382155,
      "rel_output_change_per_month": [
        0.009902095422148705,
        0.0023420180659741163,
        0.0035326501820236444
      ],
      "base_rmse_TEMP": 0.5233446361254108,
      "probe_rmse_TEMP": 0.5235317301362759,
      "base_rmse_SALT": 0.10708431589115001,
      "probe_rmse_SALT": 0.10706950984182316
    },
    "profile_resample_2x": {
      "rel_output_change_mean": 0.0051774499006569386,
      "rel_output_change_per_month": [
        0.005784547422081232,
        0.004069550894200802,
        0.005678251385688782
      ],
      "base_rmse_TEMP": 0.5233446361254108,
      "probe_rmse_TEMP": 0.5236622142416771,
      "base_rmse_SALT": 0.10708431589115001,
      "probe_rmse_SALT": 0.10709560388332968
    }
  },
  "count_sweep": [
    {
      "density": 0,
      "TEMP": 0.5179608138803085,
      "SALT": 0.12362384852299954,
      "floor_TEMP": 0.55214549224429,
      "floor_SALT": 0.13054309168423567,
      "by_band": {
        "TEMP": {
          "0-100m": 0.6062273451854162,
          "100-300m": 0.5540447947064263,
          "300-max": 0.18931465566615424
        },
        "SALT": {
          "0-100m": 0.1726035752847755,
          "100-300m": 0.08873900502275987,
          "300-max": 0.025290467131484962
        }
      }
    },
    {
      "density": 50,
      "TEMP": 0.5219786508604224,
      "SALT": 0.11984960338276987,
      "floor_TEMP": 0.552153407129821,
      "floor_SALT": 0.13055147619961047,
      "by_band": {
        "TEMP": {
          "0-100m": 0.6131464801022976,
          "100-300m": 0.5560482630984457,
          "300-max": 0.18812400866245113
        },
        "SALT": {
          "0-100m": 0.1676465418540133,
          "100-300m": 0.08520767858016529,
          "300-max": 0.02499270548699165
        }
      }
    },
    {
      "density": 150,
      "TEMP": 0.5217828600793037,
      "SALT": 0.11966538562791139,
      "floor_TEMP": 0.5522452639028274,
      "floor_SALT": 0.13055235175565982,
      "by_band": {
        "TEMP": {
          "0-100m": 0.6127728511104592,
          "100-300m": 0.5559810878569831,
          "300-max": 0.1882769660400593
        },
        "SALT": {
          "0-100m": 0.16738671405214323,
          "100-300m": 0.0850773143032756,
          "300-max": 0.02498380331265221
        }
      }
    },
    {
      "density": 375,
      "TEMP": 0.5221616932828803,
      "SALT": 0.1196124341743409,
      "floor_TEMP": 0.5521637496482509,
      "floor_SALT": 0.13054102739882165,
      "by_band": {
        "TEMP": {
          "0-100m": 0.6132002586622991,
          "100-300m": 0.5564425747958804,
          "300-max": 0.18823304849271552
        },
        "SALT": {
          "0-100m": 0.16730918985444476,
          "100-300m": 0.08503756605700498,
          "300-max": 0.025002700775568914
        }
      }
    },
    {
      "density": 750,
      "TEMP": 0.5213409690825412,
      "SALT": 0.1196476568353891,
      "floor_TEMP": 0.5520762205776799,
      "floor_SALT": 0.13055701217041996,
      "by_band": {
        "TEMP": {
          "0-100m": 0.6126158070758095,
          "100-300m": 0.5550494276921187,
          "300-max": 0.1880299615077148
        },
        "SALT": {
          "0-100m": 0.16734718427782133,
          "100-300m": 0.08509412176612978,
          "300-max": 0.024993024105867796
        }
      }
    },
    {
      "density": 1500,
      "TEMP": 0.5217424880568488,
      "SALT": 0.11965847480980754,
      "floor_TEMP": 0.5523387819474498,
      "floor_SALT": 0.13055434000098132,
      "by_band": {
        "TEMP": {
          "0-100m": 0.6132700463175439,
          "100-300m": 0.5553048015371412,
          "300-max": 0.18795286171496992
        },
        "SALT": {
          "0-100m": 0.16736955388386585,
          "100-300m": 0.08508979065399369,
          "300-max": 0.025008675789270553
        }
      }
    },
    {
      "density": 3000,
      "TEMP": 0.5211685873143214,
      "SALT": 0.11966429763993253,
      "floor_TEMP": 0.5518980813050025,
      "floor_SALT": 0.13062882313562377,
      "by_band": {
        "TEMP": {
          "0-100m": 0.6127517200721646,
          "100-300m": 0.5544305034658701,
          "300-max": 0.1879280476859525
        },
        "SALT": {
          "0-100m": 0.16736131362443385,
          "100-300m": 0.0851301312437863,
          "300-max": 0.025004048989834195
        }
      }
    }
  ],
  "modality_floor": {
    "TEMP": 0.5521032754278904,
    "SALT": 0.13053003502043004
  },
  "modality_matrix": {
    "full": {
      "TEMP": 0.5212005118599083,
      "SALT": 0.11974988587539419,
      "by_band": {
        "TEMP": {
          "0-100m": 0.6128637731063293,
          "100-300m": 0.5543990626737672,
          "300-max": 0.187832643460442
        },
        "SALT": {
          "0-100m": 0.16751313626791517,
          "100-300m": 0.08512497243203491,
          "300-max": 0.024991144361557114
        }
      }
    },
    "drop_surf": {
      "TEMP": 0.5262620947327445,
      "SALT": 0.11937135945422128,
      "by_band": {
        "TEMP": {
          "0-100m": 0.6199103783370946,
          "100-300m": 0.5581996444852354,
          "300-max": 0.19025491834178268
        },
        "SALT": {
          "0-100m": 0.16600832821486297,
          "100-300m": 0.0869304671213168,
          "300-max": 0.025810548903879727
        }
      }
    },
    "drop_woa": {
      "TEMP": 0.5217304011867884,
      "SALT": 0.11946419096506784,
      "by_band": {
        "TEMP": {
          "0-100m": 0.613599198215601,
          "100-300m": 0.554843795216671,
          "300-max": 0.18789608937771757
        },
        "SALT": {
          "0-100m": 0.16707371394876996,
          "100-300m": 0.0850056799759837,
          "300-max": 0.024979193757510135
        }
      }
    },
    "drop_profiles": {
      "TEMP": 0.5180152900900198,
      "SALT": 0.12362735397118788,
      "by_band": {
        "TEMP": {
          "0-100m": 0.606377308689001,
          "100-300m": 0.5540071328231216,
          "300-max": 0.18928787586686022
        },
        "SALT": {
          "0-100m": 0.1726280627500647,
          "100-300m": 0.08870405967187363,
          "300-max": 0.02527991938553068
        }
      }
    }
  }
}