{
  "tag": "full_mbca_s1234",
  "task": "week4_full_train",
  "variant": "mbca",
  "config": "profiles_woa_surf",
  "protocol": "protocol_v1",
  "git_commit": "072c97a67f487f47826427daf2b98554e905938e",
  "smoke": false,
  "seed": 1234,
  "device": "NVIDIA A100-SXM4-80GB",
  "tf32": true,
  "steps": 100000,
  "val_every": 2500,
  "patience": 10,
  "queries_per_step": 8192,
  "lr": 0.0003,
  "lr_min": 1e-05,
  "schedule": "cosine",
  "optimizer": "Adam",
  "n_params": 988674,
  "d_model": 128,
  "n_latent": 128,
  "n_heads": 4,
  "n_self_blocks": 4,
  "profile_count_augmentation": [
    0,
    3000
  ],
  "n_profiles_eval": 1500,
  "obs_query_frac": 0.25,
  "warmup": 1000,
  "coord_features": "fourier_v2",
  "train_months": 276,
  "val_months": 36,
  "test_months": [
    1933,
    1935,
    1936,
    1938,
    1942,
    1946,
    1952,
    1953,
    1956,
    1965,
    1967,
    1976
  ],
  "val_floor": {
    "TEMP": 0.5043541081069748,
    "SALT": 0.11415249688277258
  },
  "test_floor": {
    "TEMP": 0.5521032754278901,
    "SALT": 0.13053003502043004
  },
  "ckpt": "/home/nvidia/ocean_project/outputs/ckpt/full_mbca_s1234.pt",
  "status": "done",
  "best": {
    "score": 0.9404657079663388,
    "step": 5000,
    "val_TEMP": 0.47524034889755834,
    "val_SALT": 0.10714995510654643
  },
  "test": {
    "TEMP": 0.5232102003901159,
    "SALT": 0.12096807051114512,
    "by_band": {
      "TEMP": {
        "0-100m": 0.6184620780471568,
        "100-300m": 0.5518317756347974,
        "300-max": 0.1903425489923834
      },
      "SALT": {
        "0-100m": 0.16953353561593926,
        "100-300m": 0.08537551469655545,
        "300-max": 0.02458322474188773
      }
    },
    "by_depth": {
      "TEMP": [
        0.5891787666717331,
        0.585940581789828,
        0.5822852156351754,
        0.5894965842423427,
        0.6196537788735049,
        0.6461179808304606,
        0.6604004423265671,
        0.6703976876568418,
        0.6948284113943135,
        0.6834360114672894,
        0.6251407277393642,
        0.5501496655896468,
        0.47414814259785587,
        0.38368888699639203,
        0.32330003318561223,
        0.2776238826953435,
        0.2265374749866436,
        0.17597395260564586,
        0.11733866642293676,
        0.0746917259481695
      ],
      "SALT": [
        0.19849911574157894,
        0.1975707910183189,
        0.18797645096897064,
        0.1714904921735378,
        0.16343093899522596,
        0.15303690239543719,
        0.14239751784415766,
        0.12466165837489483,
        0.11010386911824475,
        0.1010110662175004,
        0.09300702491620942,
        0.08586666990274092,
        0.07714841246894985,
        0.0630671241928973,
        0.04975235434506742,
        0.03733026313632672,
        0.028097717797806395,
        0.021141959670247935,
        0.01474760852536724,
        0.011522785154275786
      ]
    },
    "skill_vs_floor": {
      "TEMP": 0.0523327361450292,
      "SALT": 0.07325489882683567
    }
  },
  "optimizer_steps": 30000,
  "gpu_hours": 0.702,
  "curves": {
    "step": [
      2500,
      5000,
      7500,
      10000,
      12500,
      15000,
      17500,
      20000,
      22500,
      25000,
      27500,
      30000
    ],
    "train_loss": [
      0.9532458984851837,
      0.8473676413297653,
      0.7552464839816093,
      0.6851991924643517,
      0.6640676449239254,
      0.6009737034142018,
      0.5585964065790177,
      0.538125961124897,
      0.510715641528368,
      0.5168725134432316,
      0.46684969231486323,
      0.48149418011307715
    ],
    "lr": [
      0.0002998357641815361,
      0.0002988334478604653,
      0.0002969263547011429,
      0.0002941264811741021,
      0.0002904514397384405,
      0.0002859243480515601,
      0.0002805736835487436,
      0.0002744331043073257,
      0.0002675412373223047,
      0.00025994143552523515,
      0.00025168150507486227,
      0.00024281340463496164
    ],
    "val_TEMP": [
      0.4744915860724318,
      0.47524034889755834,
      0.5058081311617686,
      0.49324056220533824,
      0.4870691407965115,
      0.5134449911684021,
      0.5114591678587662,
      0.5321942197329326,
      0.5179359270607853,
      0.5231002621972403,
      0.5360805298173748,
      0.5399206973910319
    ],
    "val_SALT": [
      0.10873336860835818,
      0.10714995510654643,
      0.116641089561325,
      0.11753125379962935,
      0.11125467829883744,
      0.11058021871193428,
      0.10814151089210598,
      0.10907333755375813,
      0.11208694495585877,
      0.1156088517522074,
      0.1121393036289103,
      0.10929124687124904
    ],
    "val_score": [
      0.9466589277123433,
      0.9404657079663388,
      1.012341769345639,
      1.0037817101242057,
      0.9701715028270782,
      0.9933654452166549,
      0.9807149676209559,
      1.005352512261015,
      1.0044172308689312,
      1.0249633060683236,
      1.0226345271043205,
      1.0139667527843164
    ]
  }
}