{
  "tag": "fullA_resampler_s1236",
  "task": "week4_full_train",
  "variant": "resampler",
  "config": "profiles_woa_surf",
  "protocol": "protocol_v1",
  "git_commit": "072c97a67f487f47826427daf2b98554e905938e",
  "smoke": false,
  "seed": 1236,
  "device": "NVIDIA A100-SXM4-80GB",
  "tf32": true,
  "steps": 20000,
  "val_every": 2500,
  "patience": 5,
  "queries_per_step": 16384,
  "lr": 0.0003,
  "lr_min": 1e-05,
  "schedule": "cosine",
  "optimizer": "Adam",
  "n_params": 1132930,
  "d_model": 128,
  "n_latent": 128,
  "n_heads": 4,
  "n_self_blocks": 4,
  "profile_count_augmentation": [
    0,
    3000
  ],
  "n_profiles_eval": 1500,
  "obs_query_frac": 0.25,
  "warmup": 2000,
  "input_noise": 0.05,
  "weight_decay": 0.01,
  "grid_drop": 0.3,
  "val_queries_subsample": 100000,
  "coord_features": "fourier_v2",
  "train_months": 276,
  "val_months": 36,
  "test_months": [
    1933,
    1935,
    1936,
    1938,
    1942,
    1946,
    1952,
    1953,
    1956,
    1965,
    1967,
    1976
  ],
  "val_floor": {
    "TEMP": 0.504612107631245,
    "SALT": 0.11396843451023524
  },
  "test_floor": {
    "TEMP": 0.5521031881494463,
    "SALT": 0.13053852094114768
  },
  "ckpt": "/home/nvidia/ocean_project/outputs/ckpt/fullA_resampler_s1236.pt",
  "status": "done",
  "best": {
    "score": 0.9536936897138648,
    "step": 5000,
    "val_TEMP": 0.47882953960213803,
    "val_SALT": 0.10923660357515036
  },
  "test": {
    "TEMP": 0.5219730463608881,
    "SALT": 0.12370914649485382,
    "by_band": {
      "TEMP": {
        "0-100m": 0.6135077880662119,
        "100-300m": 0.5547548220375297,
        "300-max": 0.19162511468645121
      },
      "SALT": {
        "0-100m": 0.17189310489784498,
        "100-300m": 0.09061069732000292,
        "300-max": 0.02578277677096829
      }
    },
    "by_depth": {
      "TEMP": [
        0.5860670665264085,
        0.5826132151639999,
        0.579631552108456,
        0.5842820397272936,
        0.6114810008243122,
        0.6382635482376061,
        0.6539950147990305,
        0.6676654993233844,
        0.6946629500664351,
        0.6829615976429985,
        0.6254450578688769,
        0.5529217909512175,
        0.48011666790638674,
        0.3934447347632694,
        0.3340086317890558,
        0.2829419770406301,
        0.22792961117797264,
        0.17388253710852664,
        0.11602570478993132,
        0.07321666669725335
      ],
      "SALT": [
        0.20010427020198382,
        0.1969387540601831,
        0.1886854677668633,
        0.1746923314087966,
        0.1666030724725397,
        0.15645566754007428,
        0.1463245947569768,
        0.13048331176054473,
        0.11653942080234654,
        0.10727139987814426,
        0.09893109582038755,
        0.0912725738205807,
        0.08197816519952046,
        0.0668820803142982,
        0.052619572176544546,
        0.03949072835748965,
        0.029487343199780355,
        0.02166439855607798,
        0.015194472503762544,
        0.012179499820508748
      ]
    },
    "skill_vs_floor": {
      "TEMP": 0.05457338851736959,
      "SALT": 0.05231692834464419
    }
  },
  "optimizer_steps": 17500,
  "gpu_hours": 0.323,
  "curves": {
    "step": [
      2500,
      5000,
      7500,
      10000,
      12500,
      15000,
      17500
    ],
    "train_loss": [
      0.9075328183174133,
      0.8450282347202301,
      0.7879489633440971,
      0.7074827408790588,
      0.6620531585812569,
      0.6306188046932221,
      0.5765625995397567
    ],
    "lr": [
      0.0002994482312233031,
      0.0002805736835487436,
      0.00023816858327090166,
      0.0001801789857617049,
      0.00011747123846013447,
      6.179579659545178e-05,
      2.358537087968576e-05
    ],
    "val_TEMP": [
      0.4898642996527928,
      0.47882953960213803,
      0.4938012508619179,
      0.48003297677861956,
      0.5152964902453513,
      0.4962126799656561,
      0.5019392939461963
    ],
    "val_SALT": [
      0.10914728972222089,
      0.10923660357515036,
      0.11182009082067336,
      0.10976800152693204,
      0.11759476883000332,
      0.11551991202395345,
      0.11384880916656
    ],
    "val_score": [
      0.9642357571654747,
      0.9536936897138648,
      0.9798627836742566,
      0.9572174658825616,
      1.0264961085920046,
      0.9984839529419565,
      0.9968267977059743
    ]
  }
}