{
  "tag": "fullA_perceiver_s1234",
  "variant": "perceiver",
  "seed": 1234,
  "ckpt_step": 5000,
  "protocol": "protocol_v1",
  "n_profiles_eval": 1500,
  "probes": {
    "duplicate_half": {
      "rel_output_change_mean": 0.009596739585200945,
      "rel_output_change_per_month": [
        0.00973529927432537,
        0.004842864349484444,
        0.014212055131793022
      ],
      "base_rmse_TEMP": 0.5071849657922288,
      "probe_rmse_TEMP": 0.5070703920463333,
      "base_rmse_SALT": 0.10784774234775601,
      "probe_rmse_SALT": 0.10790945545904423
    },
    "patch_refine_2x": {
      "rel_output_change_mean": 0.01848601984481017,
      "rel_output_change_per_month": [
        0.015005340799689293,
        0.018903473392128944,
        0.021549245342612267
      ],
      "base_rmse_TEMP": 0.5071849657922288,
      "probe_rmse_TEMP": 0.5070388255215161,
      "base_rmse_SALT": 0.10784774234775601,
      "probe_rmse_SALT": 0.10780520422517824
    },
    "profile_resample_2x": {
      "rel_output_change_mean": 0.004486618718753259,
      "rel_output_change_per_month": [
        0.005117915105074644,
        0.004554205108433962,
        0.003787735942751169
      ],
      "base_rmse_TEMP": 0.5071849657922288,
      "probe_rmse_TEMP": 0.5070718142104874,
      "base_rmse_SALT": 0.107847742347756,
      "probe_rmse_SALT": 0.10788669705367604
    }
  },
  "count_sweep": [
    {
      "density": 0,
      "TEMP": 0.5184889988823129,
      "SALT": 0.12151860957692205,
      "floor_TEMP": 0.5521454922442894,
      "floor_SALT": 0.13054309168423564,
      "by_band": {
        "TEMP": {
          "0-100m": 0.6096436834402245,
          "100-300m": 0.5503235281097425,
          "300-max": 0.19213795861558622
        },
        "SALT": {
          "0-100m": 0.16830321524339642,
          "100-300m": 0.09015466529168573,
          "300-max": 0.025715123159558883
        }
      }
    },
    {
      "density": 50,
      "TEMP": 0.5164105592038903,
      "SALT": 0.12093081192462732,
      "floor_TEMP": 0.5521534071298211,
      "floor_SALT": 0.13055147619961058,
      "by_band": {
        "TEMP": {
          "0-100m": 0.6103290176687385,
          "100-300m": 0.5446646081747356,
          "300-max": 0.18836065060227716
        },
        "SALT": {
          "0-100m": 0.16792550344636017,
          "100-300m": 0.088758323343375,
          "300-max": 0.025497643316751722
        }
      }
    },
    {
      "density": 150,
      "TEMP": 0.5150155176092333,
      "SALT": 0.12064325903194732,
      "floor_TEMP": 0.552245263902828,
      "floor_SALT": 0.13055235175566007,
      "by_band": {
        "TEMP": {
          "0-100m": 0.6095183182387776,
          "100-300m": 0.5422826200294283,
          "300-max": 0.18696431607115263
        },
        "SALT": {
          "0-100m": 0.16762772681827487,
          "100-300m": 0.08833292415968168,
          "300-max": 0.025366959358235956
        }
      }
    },
    {
      "density": 375,
      "TEMP": 0.5155324200308782,
      "SALT": 0.12060406899424225,
      "floor_TEMP": 0.5521637496482511,
      "floor_SALT": 0.13054102739882162,
      "by_band": {
        "TEMP": {
          "0-100m": 0.611099355706963,
          "100-300m": 0.5415850025477792,
          "300-max": 0.18686794333911788
        },
        "SALT": {
          "0-100m": 0.16755588212927122,
          "100-300m": 0.08833700655351931,
          "300-max": 0.02537147988146692
        }
      }
    },
    {
      "density": 750,
      "TEMP": 0.5149236196737143,
      "SALT": 0.12047856367626966,
      "floor_TEMP": 0.5520762205776806,
      "floor_SALT": 0.13055701217041996,
      "by_band": {
        "TEMP": {
          "0-100m": 0.6100307960690745,
          "100-300m": 0.541307355217427,
          "300-max": 0.18710210441008063
        },
        "SALT": {
          "0-100m": 0.16736727517884464,
          "100-300m": 0.08827092920177232,
          "300-max": 0.025386047290898828
        }
      }
    },
    {
      "density": 1500,
      "TEMP": 0.5156831768049458,
      "SALT": 0.12049104434526997,
      "floor_TEMP": 0.5523387819474493,
      "floor_SALT": 0.13055434000098134,
      "by_band": {
        "TEMP": {
          "0-100m": 0.6112190240242764,
          "100-300m": 0.5418383915632573,
          "300-max": 0.1869372438515888
        },
        "SALT": {
          "0-100m": 0.1673986159769145,
          "100-300m": 0.08825356251036588,
          "300-max": 0.025400155837171007
        }
      }
    },
    {
      "density": 3000,
      "TEMP": 0.5150967197641866,
      "SALT": 0.12052735289387291,
      "floor_TEMP": 0.5518980813050031,
      "floor_SALT": 0.1306288231356238,
      "by_band": {
        "TEMP": {
          "0-100m": 0.6104575935565629,
          "100-300m": 0.5412732345056755,
          "300-max": 0.18682088753808831
        },
        "SALT": {
          "0-100m": 0.1674573993241305,
          "100-300m": 0.08826219934075263,
          "300-max": 0.025385568295357673
        }
      }
    }
  ],
  "modality_floor": {
    "TEMP": 0.5521032754278912,
    "SALT": 0.13053003502043004
  },
  "modality_matrix": {
    "full": {
      "TEMP": 0.5154110800599223,
      "SALT": 0.12046271867436528,
      "by_band": {
        "TEMP": {
          "0-100m": 0.6110223098126691,
          "100-300m": 0.5414030329449794,
          "300-max": 0.18672208987901304
        },
        "SALT": {
          "0-100m": 0.16739213755700696,
          "100-300m": 0.08816576826014089,
          "300-max": 0.025354774936746257
        }
      }
    },
    "drop_surf": {
      "TEMP": 0.5152799703363017,
      "SALT": 0.12036138191098905,
      "by_band": {
        "TEMP": {
          "0-100m": 0.6107529638527643,
          "100-300m": 0.541332656084358,
          "300-max": 0.1870430206017813
        },
        "SALT": {
          "0-100m": 0.1672116035293536,
          "100-300m": 0.08816678768993512,
          "300-max": 0.025408855458304288
        }
      }
    },
    "drop_woa": {
      "TEMP": 0.5156844548273906,
      "SALT": 0.12047650037830945,
      "by_band": {
        "TEMP": {
          "0-100m": 0.6114153873884757,
          "100-300m": 0.5416600701182029,
          "300-max": 0.18655172884130317
        },
        "SALT": {
          "0-100m": 0.16741204017789263,
          "100-300m": 0.08817888826970299,
          "300-max": 0.02533328320811394
        }
      }
    },
    "drop_profiles": {
      "TEMP": 0.5185379500897954,
      "SALT": 0.12152444217491172,
      "by_band": {
        "TEMP": {
          "0-100m": 0.6097987974471184,
          "100-300m": 0.5502649550209756,
          "300-max": 0.19210400540081293
        },
        "SALT": {
          "0-100m": 0.16833249880082463,
          "100-300m": 0.09011962660900284,
          "300-max": 0.025703361769849137
        }
      }
    }
  }
}