{
  "tag": "fullA_resampler_s1235",
  "task": "week4_full_train",
  "variant": "resampler",
  "config": "profiles_woa_surf",
  "protocol": "protocol_v1",
  "git_commit": "072c97a67f487f47826427daf2b98554e905938e",
  "smoke": false,
  "seed": 1235,
  "device": "NVIDIA A100-SXM4-80GB",
  "tf32": true,
  "steps": 20000,
  "val_every": 2500,
  "patience": 5,
  "queries_per_step": 16384,
  "lr": 0.0003,
  "lr_min": 1e-05,
  "schedule": "cosine",
  "optimizer": "Adam",
  "n_params": 1132930,
  "d_model": 128,
  "n_latent": 128,
  "n_heads": 4,
  "n_self_blocks": 4,
  "profile_count_augmentation": [
    0,
    3000
  ],
  "n_profiles_eval": 1500,
  "obs_query_frac": 0.25,
  "warmup": 2000,
  "input_noise": 0.05,
  "weight_decay": 0.01,
  "grid_drop": 0.3,
  "val_queries_subsample": 100000,
  "coord_features": "fourier_v2",
  "train_months": 276,
  "val_months": 36,
  "test_months": [
    1933,
    1935,
    1936,
    1938,
    1942,
    1946,
    1952,
    1953,
    1956,
    1965,
    1967,
    1976
  ],
  "val_floor": {
    "TEMP": 0.5048034639512822,
    "SALT": 0.11399981796636564
  },
  "test_floor": {
    "TEMP": 0.5522386981703076,
    "SALT": 0.1305080578586726
  },
  "ckpt": "/home/nvidia/ocean_project/outputs/ckpt/fullA_resampler_s1235.pt",
  "status": "done",
  "best": {
    "score": 0.9572309639049863,
    "step": 10000,
    "val_TEMP": 0.4894874228237274,
    "val_SALT": 0.10770731644402168
  },
  "test": {
    "TEMP": 0.5261705917494817,
    "SALT": 0.12204222351033207,
    "by_band": {
      "TEMP": {
        "0-100m": 0.6205931092706669,
        "100-300m": 0.5587700854278148,
        "300-max": 0.1826517730077642
      },
      "SALT": {
        "0-100m": 0.1720428281052607,
        "100-300m": 0.08383418668956867,
        "300-max": 0.024207956990489943
      }
    },
    "by_depth": {
      "TEMP": [
        0.5924014644136399,
        0.5875824615223423,
        0.5857349656934241,
        0.5905485009290525,
        0.6201997816921588,
        0.6469188603520374,
        0.6626700647368324,
        0.6744163442869605,
        0.7007604271626534,
        0.6890963484672981,
        0.6323543860842803,
        0.564745377072036,
        0.4891144424735656,
        0.38444392632387847,
        0.3189926354632135,
        0.2671873441628145,
        0.21828998627559976,
        0.16611614618058515,
        0.11371226013727544,
        0.07058925772955989
      ],
      "SALT": [
        0.2043291632463759,
        0.20455958582051464,
        0.19300476136029118,
        0.17180137249905814,
        0.16348708346959415,
        0.15289598010385952,
        0.14190945877227468,
        0.12359889506709659,
        0.10889032387458963,
        0.09955044950860427,
        0.09129913167159596,
        0.08376580105127077,
        0.07478960686414443,
        0.06151450837764595,
        0.04936856982724246,
        0.03738668123969898,
        0.027891398563151735,
        0.020217993558995395,
        0.013971878658488299,
        0.010405407169845027
      ]
    },
    "skill_vs_floor": {
      "TEMP": 0.04720441813874232,
      "SALT": 0.06486828849685422
    }
  },
  "optimizer_steps": 20000,
  "gpu_hours": 0.596,
  "curves": {
    "step": [
      2500,
      5000,
      7500,
      10000,
      12500,
      15000,
      17500,
      20000
    ],
    "train_loss": [
      0.9333194875717163,
      0.8913660481572151,
      0.7480591323971748,
      0.7142606349289418,
      0.6634511014819146,
      0.6390172815322877,
      0.6116053621470928,
      0.6196173611283302
    ],
    "lr": [
      0.0002994482312233031,
      0.0002805736835487436,
      0.00023816858327090166,
      0.0001801789857617049,
      0.00011747123846013447,
      6.179579659545178e-05,
      2.358537087968576e-05,
      1e-05
    ],
    "val_TEMP": [
      0.4895033267670476,
      0.4930393642519139,
      0.49142580430198074,
      0.4894874228237274,
      0.5372906823304764,
      0.519214513950791,
      0.527187761772391,
      0.5160922071151057
    ],
    "val_SALT": [
      0.11062223025842031,
      0.11009621582948914,
      0.11313440433415164,
      0.10770731644402168,
      0.11477113596790868,
      0.1191271800153759,
      0.11690221523878054,
      0.11703146565802498
    ],
    "val_score": [
      0.9700314466408824,
      0.9712267524023331,
      0.9829539557593432,
      0.9572309639049863,
      1.035561064921469,
      1.0367623874138987,
      1.0349011326681052,
      1.0244780466149144
    ]
  }
}