{
  "tag": "fullA_perceiver_s1235",
  "task": "week4_full_train",
  "variant": "perceiver",
  "config": "profiles_woa_surf",
  "protocol": "protocol_v1",
  "git_commit": "072c97a67f487f47826427daf2b98554e905938e",
  "smoke": false,
  "seed": 1235,
  "device": "NVIDIA A100-SXM4-80GB",
  "tf32": true,
  "steps": 20000,
  "val_every": 2500,
  "patience": 5,
  "queries_per_step": 16384,
  "lr": 0.0003,
  "lr_min": 1e-05,
  "schedule": "cosine",
  "optimizer": "Adam",
  "n_params": 1050242,
  "d_model": 128,
  "n_latent": 128,
  "n_heads": 4,
  "n_self_blocks": 4,
  "profile_count_augmentation": [
    0,
    3000
  ],
  "n_profiles_eval": 1500,
  "obs_query_frac": 0.25,
  "warmup": 2000,
  "input_noise": 0.05,
  "weight_decay": 0.01,
  "grid_drop": 0.3,
  "val_queries_subsample": 100000,
  "coord_features": "fourier_v2",
  "train_months": 276,
  "val_months": 36,
  "test_months": [
    1933,
    1935,
    1936,
    1938,
    1942,
    1946,
    1952,
    1953,
    1956,
    1965,
    1967,
    1976
  ],
  "val_floor": {
    "TEMP": 0.5048034639512822,
    "SALT": 0.11399981796636569
  },
  "test_floor": {
    "TEMP": 0.5522386981703078,
    "SALT": 0.1305080578586727
  },
  "ckpt": "/home/nvidia/ocean_project/outputs/ckpt/fullA_perceiver_s1235.pt",
  "status": "done",
  "best": {
    "score": 0.9666922412407989,
    "step": 2500,
    "val_TEMP": 0.4890330694727298,
    "val_SALT": 0.10996709089583652
  },
  "test": {
    "TEMP": 0.531225454812354,
    "SALT": 0.1215622838090308,
    "by_band": {
      "TEMP": {
        "0-100m": 0.6187140377260495,
        "100-300m": 0.568929777378507,
        "300-max": 0.20785100731975456
      },
      "SALT": {
        "0-100m": 0.16755116237366188,
        "100-300m": 0.09166827344052064,
        "300-max": 0.027319240866815253
      }
    },
    "by_depth": {
      "TEMP": [
        0.589638809437954,
        0.5868915703100986,
        0.5831253564057728,
        0.5886456125403664,
        0.6179861804927731,
        0.645503866322988,
        0.6605372599838351,
        0.6730363034132402,
        0.7023866171035947,
        0.6947191314503735,
        0.6402169207034494,
        0.5691556941548543,
        0.4981794448920739,
        0.41412496380821107,
        0.35331164890958894,
        0.30295915670335616,
        0.24733709739792675,
        0.19163798706958113,
        0.12958800439838994,
        0.08144667344130364
      ],
      "SALT": [
        0.19346117452176337,
        0.1916787964032994,
        0.18375371821774655,
        0.16926896392373883,
        0.1617437440569863,
        0.1530066210573071,
        0.14388317333930678,
        0.13053903349133408,
        0.11785640313710012,
        0.10866279139745018,
        0.1000957752530306,
        0.0920895132166355,
        0.08267546660731376,
        0.06785632403624371,
        0.053625498419007156,
        0.041065903341439364,
        0.031223310964669584,
        0.02349328101265198,
        0.01689681669076669,
        0.013550833329940181
      ]
    },
    "skill_vs_floor": {
      "TEMP": 0.03805101567053426,
      "SALT": 0.06854576028806814
    }
  },
  "optimizer_steps": 15000,
  "gpu_hours": 0.364,
  "curves": {
    "step": [
      2500,
      5000,
      7500,
      10000,
      12500,
      15000
    ],
    "train_loss": [
      0.9372587198019028,
      0.8410851573944091,
      0.6998496985435486,
      0.6408077116310597,
      0.5868103948235511,
      0.5624790452420712
    ],
    "lr": [
      0.0002994482312233031,
      0.0002805736835487436,
      0.00023816858327090166,
      0.0001801789857617049,
      0.00011747123846013447,
      6.179579659545178e-05
    ],
    "val_TEMP": [
      0.4890330694727298,
      0.496675742470746,
      0.49071823175250584,
      0.5079528095996326,
      0.5090452182364665,
      0.5120696105832435
    ],
    "val_SALT": [
      0.10996709089583652,
      0.11284752661375176,
      0.11460745960390711,
      0.11032392085341507,
      0.11332640127863039,
      0.11399896745292487
    ],
    "val_score": [
      0.9666922412407989,
      0.9868957004480015,
      0.9887138951691807,
      0.9869969965061671,
      1.001247805136911,
      1.0071932751907622
    ]
  }
}