{
  "tag": "fullA_perceiver_s1236",
  "variant": "perceiver",
  "seed": 1236,
  "ckpt_step": 5000,
  "protocol": "protocol_v1",
  "n_profiles_eval": 1500,
  "probes": {
    "duplicate_half": {
      "rel_output_change_mean": 0.015160157034794489,
      "rel_output_change_per_month": [
        0.007982049137353897,
        0.02048368752002716,
        0.01701473444700241
      ],
      "base_rmse_TEMP": 0.5379633193426646,
      "probe_rmse_TEMP": 0.5381031290995476,
      "base_rmse_SALT": 0.10670384523657461,
      "probe_rmse_SALT": 0.1067214324166413
    },
    "patch_refine_2x": {
      "rel_output_change_mean": 0.05223390211661657,
      "rel_output_change_per_month": [
        0.05680203437805176,
        0.05533039569854736,
        0.04456927627325058
      ],
      "base_rmse_TEMP": 0.5379633193426646,
      "probe_rmse_TEMP": 0.5361764674714179,
      "base_rmse_SALT": 0.10670384523657461,
      "probe_rmse_SALT": 0.10653369946529323
    },
    "profile_resample_2x": {
      "rel_output_change_mean": 0.009747148491442204,
      "rel_output_change_per_month": [
        0.013221163302659988,
        0.011181879788637161,
        0.004838402383029461
      ],
      "base_rmse_TEMP": 0.5379633193426646,
      "probe_rmse_TEMP": 0.5373085236212009,
      "base_rmse_SALT": 0.10670384523657461,
      "probe_rmse_SALT": 0.10664678959122093
    }
  },
  "count_sweep": [
    {
      "density": 0,
      "TEMP": 0.5436648858443647,
      "SALT": 0.12914493356874657,
      "floor_TEMP": 0.5521454922442891,
      "floor_SALT": 0.13054309168423564,
      "by_band": {
        "TEMP": {
          "0-100m": 0.632493501046858,
          "100-300m": 0.5838337884202737,
          "300-max": 0.20994891001258584
        },
        "SALT": {
          "0-100m": 0.17806564080916745,
          "100-300m": 0.09750664556850883,
          "300-max": 0.02767755699965802
        }
      }
    },
    {
      "density": 50,
      "TEMP": 0.5324190602592989,
      "SALT": 0.12260455777444922,
      "floor_TEMP": 0.5521500087015642,
      "floor_SALT": 0.1305465750529236,
      "by_band": {
        "TEMP": {
          "0-100m": 0.6238625978103637,
          "100-300m": 0.5694280387220295,
          "300-max": 0.1908762491842879
        },
        "SALT": {
          "0-100m": 0.17146648191466918,
          "100-300m": 0.08730655199758555,
          "300-max": 0.025251946747991423
        }
      }
    },
    {
      "density": 150,
      "TEMP": 0.5259128126149603,
      "SALT": 0.12202511329991456,
      "floor_TEMP": 0.5522720848358619,
      "floor_SALT": 0.13054775148867534,
      "by_band": {
        "TEMP": {
          "0-100m": 0.6210125967200143,
          "100-300m": 0.5563091339985669,
          "300-max": 0.18797990017379496
        },
        "SALT": {
          "0-100m": 0.1709072724141592,
          "100-300m": 0.08631231204017868,
          "300-max": 0.02509427933456958
        }
      }
    },
    {
      "density": 375,
      "TEMP": 0.5267419762549985,
      "SALT": 0.12216909070721373,
      "floor_TEMP": 0.5520979640712477,
      "floor_SALT": 0.1305569698235651,
      "by_band": {
        "TEMP": {
          "0-100m": 0.62212503107566,
          "100-300m": 0.5573103822126273,
          "300-max": 0.18692536483461883
        },
        "SALT": {
          "0-100m": 0.171426350650313,
          "100-300m": 0.08567667298609727,
          "300-max": 0.025033252839330385
        }
      }
    },
    {
      "density": 750,
      "TEMP": 0.525031619383828,
      "SALT": 0.12205578062662133,
      "floor_TEMP": 0.5522408022307982,
      "floor_SALT": 0.13058921680731697,
      "by_band": {
        "TEMP": {
          "0-100m": 0.621265431980591,
          "100-300m": 0.5538490661548063,
          "300-max": 0.1867742323722211
        },
        "SALT": {
          "0-100m": 0.17124438459613162,
          "100-300m": 0.08565215928696256,
          "300-max": 0.025015459891008375
        }
      }
    },
    {
      "density": 1500,
      "TEMP": 0.5283686219935226,
      "SALT": 0.12241000626918914,
      "floor_TEMP": 0.5523692977132025,
      "floor_SALT": 0.13061759011832216,
      "by_band": {
        "TEMP": {
          "0-100m": 0.6238313272657855,
          "100-300m": 0.5593390323266849,
          "300-max": 0.1872942819240487
        },
        "SALT": {
          "0-100m": 0.1718616010230911,
          "100-300m": 0.08560753926104386,
          "300-max": 0.02503452157697013
        }
      }
    },
    {
      "density": 3000,
      "TEMP": 0.5268217670924262,
      "SALT": 0.12234659345922387,
      "floor_TEMP": 0.5517762202092332,
      "floor_SALT": 0.1306226568430645,
      "by_band": {
        "TEMP": {
          "0-100m": 0.6233618976853222,
          "100-300m": 0.5559374229131802,
          "300-max": 0.1866527514408668
        },
        "SALT": {
          "0-100m": 0.17181413271556717,
          "100-300m": 0.08548016342745463,
          "300-max": 0.024993206364071752
        }
      }
    }
  ],
  "modality_floor": {
    "TEMP": 0.5521031881494463,
    "SALT": 0.13053852094114765
  },
  "modality_matrix": {
    "full": {
      "TEMP": 0.5262537703558338,
      "SALT": 0.1221261524330366,
      "by_band": {
        "TEMP": {
          "0-100m": 0.6229429007992102,
          "100-300m": 0.5549584769907081,
          "300-max": 0.18666665709777303
        },
        "SALT": {
          "0-100m": 0.17148419771825715,
          "100-300m": 0.0853722184507924,
          "300-max": 0.025006142964711077
        }
      }
    },
    "drop_surf": {
      "TEMP": 0.538484084961011,
      "SALT": 0.12199351994952352,
      "by_band": {
        "TEMP": {
          "0-100m": 0.6341466963099394,
          "100-300m": 0.5707837737932963,
          "300-max": 0.19721688903766824
        },
        "SALT": {
          "0-100m": 0.17142331535415004,
          "100-300m": 0.08496726085705382,
          "300-max": 0.025036439044800022
        }
      }
    },
    "drop_woa": {
      "TEMP": 0.5265623623204827,
      "SALT": 0.12235104026185416,
      "by_band": {
        "TEMP": {
          "0-100m": 0.6233586760677226,
          "100-300m": 0.5553708241628662,
          "300-max": 0.18609478284437223
        },
        "SALT": {
          "0-100m": 0.17187606507497336,
          "100-300m": 0.08535834905803044,
          "300-max": 0.02499478181277864
        }
      }
    },
    "drop_profiles": {
      "TEMP": 0.5436581601699559,
      "SALT": 0.12913225495862493,
      "by_band": {
        "TEMP": {
          "0-100m": 0.6323756722852826,
          "100-300m": 0.5839820774394144,
          "300-max": 0.20990498990438977
        },
        "SALT": {
          "0-100m": 0.1780373026280274,
          "100-300m": 0.09752000879289179,
          "300-max": 0.027689294264608033
        }
      }
    }
  }
}