{
  "tag": "fullA_perceiver_s1236",
  "task": "week4_full_train",
  "variant": "perceiver",
  "config": "profiles_woa_surf",
  "protocol": "protocol_v1",
  "git_commit": "072c97a67f487f47826427daf2b98554e905938e",
  "smoke": false,
  "seed": 1236,
  "device": "NVIDIA A100-SXM4-80GB",
  "tf32": true,
  "steps": 20000,
  "val_every": 2500,
  "patience": 5,
  "queries_per_step": 16384,
  "lr": 0.0003,
  "lr_min": 1e-05,
  "schedule": "cosine",
  "optimizer": "Adam",
  "n_params": 1050242,
  "d_model": 128,
  "n_latent": 128,
  "n_heads": 4,
  "n_self_blocks": 4,
  "profile_count_augmentation": [
    0,
    3000
  ],
  "n_profiles_eval": 1500,
  "obs_query_frac": 0.25,
  "warmup": 2000,
  "input_noise": 0.05,
  "weight_decay": 0.01,
  "grid_drop": 0.3,
  "val_queries_subsample": 100000,
  "coord_features": "fourier_v2",
  "train_months": 276,
  "val_months": 36,
  "test_months": [
    1933,
    1935,
    1936,
    1938,
    1942,
    1946,
    1952,
    1953,
    1956,
    1965,
    1967,
    1976
  ],
  "val_floor": {
    "TEMP": 0.5046121076312446,
    "SALT": 0.11396843451023521
  },
  "test_floor": {
    "TEMP": 0.5521031881494461,
    "SALT": 0.13053852094114762
  },
  "ckpt": "/home/nvidia/ocean_project/outputs/ckpt/fullA_perceiver_s1236.pt",
  "status": "done",
  "best": {
    "score": 0.964127242821856,
    "step": 5000,
    "val_TEMP": 0.48312490842860417,
    "val_SALT": 0.11064467071700036
  },
  "test": {
    "TEMP": 0.5262537703558334,
    "SALT": 0.1221261524330366,
    "by_band": {
      "TEMP": {
        "0-100m": 0.6229429007992098,
        "100-300m": 0.5549584769907081,
        "300-max": 0.186666657097773
      },
      "SALT": {
        "0-100m": 0.17148419771825718,
        "100-300m": 0.08537221845079236,
        "300-max": 0.025006142964711056
      }
    },
    "by_depth": {
      "TEMP": [
        0.5949616405959012,
        0.5900587326408695,
        0.5893279061650781,
        0.5978074782246001,
        0.6247398389834194,
        0.6489231742554546,
        0.6621816618328632,
        0.6720260119770619,
        0.7006724874499758,
        0.6923916021159098,
        0.6343041617854388,
        0.5569191105116514,
        0.4731142946923102,
        0.37306723966713856,
        0.31244842376547216,
        0.26951944101469594,
        0.22356865175276058,
        0.17408737840321742,
        0.11622690425957624,
        0.07396063882913528
      ],
      "SALT": [
        0.20382330518091976,
        0.2025583329608037,
        0.19512427446756486,
        0.17322414462330435,
        0.16400875536325243,
        0.15200447620564417,
        0.13911040993057078,
        0.11960596267364469,
        0.10725867551098975,
        0.09986664782601487,
        0.09339050205699255,
        0.08697292406116512,
        0.0784194090514873,
        0.0646231066352953,
        0.051766702185795245,
        0.03862007527047854,
        0.02888510169101608,
        0.02076400399337808,
        0.014298953335142391,
        0.0109566037111828
      ]
    },
    "skill_vs_floor": {
      "TEMP": 0.046819903142120034,
      "SALT": 0.0644435715025734
    }
  },
  "optimizer_steps": 17500,
  "gpu_hours": 0.412,
  "curves": {
    "step": [
      2500,
      5000,
      7500,
      10000,
      12500,
      15000,
      17500
    ],
    "train_loss": [
      0.9056956902146339,
      0.7839208146929741,
      0.6921753740310669,
      0.6143238519132137,
      0.5796407391130924,
      0.5337986540794373,
      0.49700367972254755
    ],
    "lr": [
      0.0002994482312233031,
      0.0002805736835487436,
      0.00023816858327090166,
      0.0001801789857617049,
      0.00011747123846013447,
      6.179579659545178e-05,
      2.358537087968576e-05
    ],
    "val_TEMP": [
      0.4878947862467704,
      0.48312490842860417,
      0.4949670342126986,
      0.500700883522368,
      0.5190440939246164,
      0.5181448922637883,
      0.5265207647549508
    ],
    "val_SALT": [
      0.11008451854561237,
      0.11064467071700036,
      0.10959637383941287,
      0.11108430828612076,
      0.11536452203017339,
      0.11756303890658217,
      0.11836554138486928
    ],
    "val_score": [
      0.9663960361775403,
      0.964127242821856,
      0.9712620659204843,
      0.9834713441510734,
      1.020424966082214,
      1.0291792716062107,
      1.0409993119690553
    ]
  }
}