{
  "tag": "fullA_resampler_s1235",
  "variant": "resampler",
  "seed": 1235,
  "ckpt_step": 10000,
  "protocol": "protocol_v1",
  "n_profiles_eval": 1500,
  "probes": {
    "duplicate_half": {
      "rel_output_change_mean": 0.023399137581388157,
      "rel_output_change_per_month": [
        0.028441715985536575,
        0.02565481886267662,
        0.01610087789595127
      ],
      "base_rmse_TEMP": 0.5090765886628917,
      "probe_rmse_TEMP": 0.5079343405489931,
      "base_rmse_SALT": 0.10553582897710788,
      "probe_rmse_SALT": 0.105554729951766
    },
    "patch_refine_2x": {
      "rel_output_change_mean": 0.06860565952956676,
      "rel_output_change_per_month": [
        0.1519545465707779,
        0.03325368091464043,
        0.020608751103281975
      ],
      "base_rmse_TEMP": 0.5090765886628916,
      "probe_rmse_TEMP": 0.5151516814800198,
      "base_rmse_SALT": 0.10553582897710788,
      "probe_rmse_SALT": 0.10567497606874776
    },
    "profile_resample_2x": {
      "rel_output_change_mean": 0.012650023757790526,
      "rel_output_change_per_month": [
        0.03160601854324341,
        0.0025135199539363384,
        0.0038305327761918306
      ],
      "base_rmse_TEMP": 0.5090765886628916,
      "probe_rmse_TEMP": 0.5089876532487246,
      "base_rmse_SALT": 0.10553582897710788,
      "probe_rmse_SALT": 0.10562309565006844
    }
  },
  "count_sweep": [
    {
      "density": 0,
      "TEMP": 0.527904057635398,
      "SALT": 0.1225611987391617,
      "floor_TEMP": 0.552145492244289,
      "floor_SALT": 0.13054309168423564,
      "by_band": {
        "TEMP": {
          "0-100m": 0.6234996706793963,
          "100-300m": 0.5595049909432203,
          "300-max": 0.183022682741085
        },
        "SALT": {
          "0-100m": 0.17291316525137618,
          "100-300m": 0.08386114507055614,
          "300-max": 0.02422047901242544
        }
      }
    },
    {
      "density": 50,
      "TEMP": 0.520527135686291,
      "SALT": 0.12110924664535389,
      "floor_TEMP": 0.5521359628133876,
      "floor_SALT": 0.13054296256006806,
      "by_band": {
        "TEMP": {
          "0-100m": 0.6117806146338686,
          "100-300m": 0.5551627155503276,
          "300-max": 0.1826977314778693
        },
        "SALT": {
          "0-100m": 0.17016025405663293,
          "100-300m": 0.08450148149742001,
          "300-max": 0.02433065835957973
        }
      }
    },
    {
      "density": 150,
      "TEMP": 0.5266406981898575,
      "SALT": 0.12197672608588177,
      "floor_TEMP": 0.5521902884344178,
      "floor_SALT": 0.13054029224202504,
      "by_band": {
        "TEMP": {
          "0-100m": 0.6205057702830297,
          "100-300m": 0.5601083141577999,
          "300-max": 0.18280076517915428
        },
        "SALT": {
          "0-100m": 0.17186650312101903,
          "100-300m": 0.08397826497626566,
          "300-max": 0.02424720786501555
        }
      }
    },
    {
      "density": 375,
      "TEMP": 0.5240285153450222,
      "SALT": 0.12177354162559996,
      "floor_TEMP": 0.5520592446195576,
      "floor_SALT": 0.1305309330449488,
      "by_band": {
        "TEMP": {
          "0-100m": 0.6182020257060311,
          "100-300m": 0.556155713252218,
          "300-max": 0.18258029866472672
        },
        "SALT": {
          "0-100m": 0.17157003777098542,
          "100-300m": 0.08386166689147595,
          "300-max": 0.02421768354173397
        }
      }
    },
    {
      "density": 750,
      "TEMP": 0.526355512078598,
      "SALT": 0.12208223015925841,
      "floor_TEMP": 0.5518918937767906,
      "floor_SALT": 0.13052835039836,
      "by_band": {
        "TEMP": {
          "0-100m": 0.6210912251001584,
          "100-300m": 0.5585711266812659,
          "300-max": 0.1827292502220178
        },
        "SALT": {
          "0-100m": 0.17211306111498859,
          "100-300m": 0.083818339802793,
          "300-max": 0.02421255131754064
        }
      }
    },
    {
      "density": 1500,
      "TEMP": 0.5257454772674416,
      "SALT": 0.12204630393970703,
      "floor_TEMP": 0.5520061122809217,
      "floor_SALT": 0.13060543193207116,
      "by_band": {
        "TEMP": {
          "0-100m": 0.6198145407956709,
          "100-300m": 0.558647984905413,
          "300-max": 0.1826421024351088
        },
        "SALT": {
          "0-100m": 0.17203804508462373,
          "100-300m": 0.08385514328977928,
          "300-max": 0.024219238153347415
        }
      }
    },
    {
      "density": 3000,
      "TEMP": 0.5265029160384409,
      "SALT": 0.12209017883906043,
      "floor_TEMP": 0.5522069111113922,
      "floor_SALT": 0.1305598950282318,
      "by_band": {
        "TEMP": {
          "0-100m": 0.6207842329049201,
          "100-300m": 0.5593325339850825,
          "300-max": 0.18276516310016083
        },
        "SALT": {
          "0-100m": 0.17209564481679557,
          "100-300m": 0.0838719887149457,
          "300-max": 0.024219338305636672
        }
      }
    }
  ],
  "modality_floor": {
    "TEMP": 0.5522386981703081,
    "SALT": 0.13050805785867275
  },
  "modality_matrix": {
    "full": {
      "TEMP": 0.5261705917494822,
      "SALT": 0.1220422235103319,
      "by_band": {
        "TEMP": {
          "0-100m": 0.6205931092706676,
          "100-300m": 0.5587700854278153,
          "300-max": 0.18265177300776392
        },
        "SALT": {
          "0-100m": 0.1720428281052604,
          "100-300m": 0.0838341866895686,
          "300-max": 0.024207956990489988
        }
      }
    },
    "drop_surf": {
      "TEMP": 0.5970860348327607,
      "SALT": 0.1332248179816179,
      "by_band": {
        "TEMP": {
          "0-100m": 0.6821455952469602,
          "100-300m": 0.6596435915714792,
          "300-max": 0.21919367133405002
        },
        "SALT": {
          "0-100m": 0.18702286165935333,
          "100-300m": 0.09327561791074734,
          "300-max": 0.027121928694307205
        }
      }
    },
    "drop_woa": {
      "TEMP": 0.5257013812298788,
      "SALT": 0.12206033173260823,
      "by_band": {
        "TEMP": {
          "0-100m": 0.6197584849737038,
          "100-300m": 0.5586608784676018,
          "300-max": 0.1824120870148147
        },
        "SALT": {
          "0-100m": 0.1720576136351373,
          "100-300m": 0.08387487841327262,
          "300-max": 0.024201400476288576
        }
      }
    },
    "drop_profiles": {
      "TEMP": 0.527898830269825,
      "SALT": 0.12255595842521362,
      "by_band": {
        "TEMP": {
          "0-100m": 0.6235118777130061,
          "100-300m": 0.5594971660751528,
          "300-max": 0.18298257256796654
        },
        "SALT": {
          "0-100m": 0.17291106618314833,
          "100-300m": 0.08385256937144756,
          "300-max": 0.024214007003543654
        }
      }
    }
  }
}