{
  "tag": "fullA_resampler_s1234",
  "task": "week4_full_train",
  "variant": "resampler",
  "config": "profiles_woa_surf",
  "protocol": "protocol_v1",
  "git_commit": "072c97a67f487f47826427daf2b98554e905938e",
  "smoke": false,
  "seed": 1234,
  "device": "NVIDIA A100-SXM4-80GB",
  "tf32": true,
  "steps": 20000,
  "val_every": 2500,
  "patience": 5,
  "queries_per_step": 16384,
  "lr": 0.0003,
  "lr_min": 1e-05,
  "schedule": "cosine",
  "optimizer": "Adam",
  "n_params": 1132930,
  "d_model": 128,
  "n_latent": 128,
  "n_heads": 4,
  "n_self_blocks": 4,
  "profile_count_augmentation": [
    0,
    3000
  ],
  "n_profiles_eval": 1500,
  "obs_query_frac": 0.25,
  "warmup": 2000,
  "input_noise": 0.05,
  "weight_decay": 0.01,
  "grid_drop": 0.3,
  "val_queries_subsample": 100000,
  "coord_features": "fourier_v2",
  "train_months": 276,
  "val_months": 36,
  "test_months": [
    1933,
    1935,
    1936,
    1938,
    1942,
    1946,
    1952,
    1953,
    1956,
    1965,
    1967,
    1976
  ],
  "val_floor": {
    "TEMP": 0.5042736524242885,
    "SALT": 0.11403355393214286
  },
  "test_floor": {
    "TEMP": 0.5521032754278906,
    "SALT": 0.13053003502042998
  },
  "ckpt": "/home/nvidia/ocean_project/outputs/ckpt/fullA_resampler_s1234.pt",
  "status": "done",
  "best": {
    "score": 0.9473114707109453,
    "step": 5000,
    "val_TEMP": 0.4834234900338923,
    "val_SALT": 0.10673196967708018
  },
  "test": {
    "TEMP": 0.5212005118599083,
    "SALT": 0.1197498858753942,
    "by_band": {
      "TEMP": {
        "0-100m": 0.6128637731063294,
        "100-300m": 0.5543990626737669,
        "300-max": 0.18783264346044198
      },
      "SALT": {
        "0-100m": 0.1675131362679152,
        "100-300m": 0.08512497243203489,
        "300-max": 0.02499114436155702
      }
    },
    "by_depth": {
      "TEMP": [
        0.5853470255101845,
        0.5824588542652047,
        0.57790335405798,
        0.5847349519516348,
        0.6135410233637976,
        0.6389678198828718,
        0.6526040801247831,
        0.6635374214902898,
        0.6929792298166987,
        0.6839396201791113,
        0.629782028383857,
        0.5582974665967279,
        0.480689551979072,
        0.3866570183201259,
        0.3207681734838474,
        0.2716743556051485,
        0.2247541349961569,
        0.17359507113759845,
        0.11812646042400288,
        0.07518736256043913
      ],
      "SALT": [
        0.19669117921949067,
        0.19247956479604092,
        0.18606647340015456,
        0.16978942053681872,
        0.16169710484528366,
        0.15190353864928452,
        0.14113505387453273,
        0.12406450105279673,
        0.10985406561642166,
        0.10040819774853751,
        0.09221313579980256,
        0.08505005832506247,
        0.0765252520223088,
        0.06401483598649148,
        0.051207272871207944,
        0.03839144523363577,
        0.028379366619970925,
        0.021137716988323778,
        0.014686189401832575,
        0.011723387302038287
      ]
    },
    "skill_vs_floor": {
      "TEMP": 0.05597279520581011,
      "SALT": 0.08258749906370988
    }
  },
  "optimizer_steps": 17500,
  "gpu_hours": 0.521,
  "curves": {
    "step": [
      2500,
      5000,
      7500,
      10000,
      12500,
      15000,
      17500
    ],
    "train_loss": [
      0.9569281995296478,
      0.8445231717824936,
      0.7828931027650833,
      0.7258221578598022,
      0.6821166177093982,
      0.636130518913269,
      0.6173402759432792
    ],
    "lr": [
      0.0002994482312233031,
      0.0002805736835487436,
      0.00023816858327090166,
      0.0001801789857617049,
      0.00011747123846013447,
      6.179579659545178e-05,
      2.358537087968576e-05
    ],
    "val_TEMP": [
      0.48057511343328047,
      0.4834234900338923,
      0.5202235924093233,
      0.4939193314953452,
      0.48446523793821866,
      0.487931055483257,
      0.5042043219085061
    ],
    "val_SALT": [
      0.10883998074161014,
      0.10673196967708018,
      0.1139042253286686,
      0.11242279938454257,
      0.11297237014311437,
      0.11231167286558057,
      0.11531744311553185
    ],
    "val_score": [
      0.9537301757881009,
      0.9473114707109453,
      1.015247702544334,
      0.9826707964061066,
      0.9757065138534937,
      0.9762460166418991,
      1.0055606930334517
    ]
  }
}