{
  "tag": "fullA_mbca_s1236",
  "task": "week4_full_train",
  "variant": "mbca",
  "config": "profiles_woa_surf",
  "protocol": "protocol_v1",
  "git_commit": "072c97a67f487f47826427daf2b98554e905938e",
  "smoke": false,
  "seed": 1236,
  "device": "NVIDIA A100-SXM4-80GB",
  "tf32": true,
  "steps": 20000,
  "val_every": 2500,
  "patience": 5,
  "queries_per_step": 16384,
  "lr": 0.0003,
  "lr_min": 1e-05,
  "schedule": "cosine",
  "optimizer": "Adam",
  "n_params": 1050242,
  "d_model": 128,
  "n_latent": 128,
  "n_heads": 4,
  "n_self_blocks": 4,
  "profile_count_augmentation": [
    0,
    3000
  ],
  "n_profiles_eval": 1500,
  "obs_query_frac": 0.25,
  "warmup": 2000,
  "input_noise": 0.05,
  "weight_decay": 0.01,
  "grid_drop": 0.3,
  "val_queries_subsample": 100000,
  "coord_features": "fourier_v2",
  "train_months": 276,
  "val_months": 36,
  "test_months": [
    1933,
    1935,
    1936,
    1938,
    1942,
    1946,
    1952,
    1953,
    1956,
    1965,
    1967,
    1976
  ],
  "val_floor": {
    "TEMP": 0.5046121076312448,
    "SALT": 0.11396843451023521
  },
  "test_floor": {
    "TEMP": 0.5521031881494465,
    "SALT": 0.1305385209411475
  },
  "ckpt": "/home/nvidia/ocean_project/outputs/ckpt/fullA_mbca_s1236.pt",
  "status": "done",
  "best": {
    "score": 0.9442872743406554,
    "step": 5000,
    "val_TEMP": 0.4706055351179353,
    "val_SALT": 0.1089499552918996
  },
  "test": {
    "TEMP": 0.519766840101571,
    "SALT": 0.12285363547916088,
    "by_band": {
      "TEMP": {
        "0-100m": 0.6143375906801475,
        "100-300m": 0.5487032621146558,
        "300-max": 0.18721861462252318
      },
      "SALT": {
        "0-100m": 0.17239590055324333,
        "100-300m": 0.08613292183551048,
        "300-max": 0.025207194895422197
      }
    },
    "by_depth": {
      "TEMP": [
        0.5863898409169592,
        0.5808981463020666,
        0.5785980323809518,
        0.5854604532901907,
        0.6152105538414651,
        0.6412503691359698,
        0.6555131278031573,
        0.6671406146031101,
        0.6955232628843161,
        0.6835580158194398,
        0.622789886474631,
        0.546439950958508,
        0.46798514257835105,
        0.37470208759645185,
        0.31411727534872236,
        0.2678091821060736,
        0.22547579251947558,
        0.17653991068014913,
        0.11746115243828978,
        0.07367386377328011
      ],
      "SALT": [
        0.2005435153993736,
        0.20116113296929505,
        0.19113057145000006,
        0.17274422155012423,
        0.1664148062345946,
        0.15662969822499676,
        0.14578201708612232,
        0.1281351286484713,
        0.11228376108827068,
        0.10182185573214417,
        0.09333362502014526,
        0.08583892672947524,
        0.07708414286700112,
        0.0637176092906051,
        0.05098201313894962,
        0.039035501211647956,
        0.029177574912336943,
        0.02087985386110929,
        0.014188560747603905,
        0.010882599255770668
      ]
    },
    "skill_vs_floor": {
      "TEMP": 0.05856939199402422,
      "SALT": 0.058870633791318294
    }
  },
  "optimizer_steps": 17500,
  "gpu_hours": 0.438,
  "curves": {
    "step": [
      2500,
      5000,
      7500,
      10000,
      12500,
      15000,
      17500
    ],
    "train_loss": [
      0.8928870233893395,
      0.7872391781210899,
      0.7272257494926453,
      0.630377447605133,
      0.570330670773983,
      0.5315757547318936,
      0.5012629091739654
    ],
    "lr": [
      0.0002994482312233031,
      0.0002805736835487436,
      0.00023816858327090166,
      0.0001801789857617049,
      0.00011747123846013447,
      6.179579659545178e-05,
      2.358537087968576e-05
    ],
    "val_TEMP": [
      0.4790599042340051,
      0.4706055351179353,
      0.48376472798602665,
      0.4950269477468387,
      0.5240620290078473,
      0.519716906719863,
      0.5220452581770769
    ],
    "val_SALT": [
      0.1080978688480081,
      0.1089499552918996,
      0.11115427967414815,
      0.10973647947213805,
      0.11752907881096493,
      0.1123683233812409,
      0.11601546018987012
    ],
    "val_score": [
      0.948926114979086,
      0.9442872743406554,
      0.9669969605495029,
      0.971936100435397,
      1.0348933372305278,
      1.007946767602557,
      1.026254482640034
    ]
  }
}