{
  "tag": "fullA_resampler_s1236",
  "variant": "resampler",
  "seed": 1236,
  "ckpt_step": 5000,
  "protocol": "protocol_v1",
  "n_profiles_eval": 1500,
  "probes": {
    "duplicate_half": {
      "rel_output_change_mean": 0.0033040648171057305,
      "rel_output_change_per_month": [
        0.003487815149128437,
        0.0038525855634361506,
        0.0025717937387526035
      ],
      "base_rmse_TEMP": 0.5027714567142075,
      "probe_rmse_TEMP": 0.5027463475439126,
      "base_rmse_SALT": 0.11042236655648395,
      "probe_rmse_SALT": 0.11042046867270701
    },
    "patch_refine_2x": {
      "rel_output_change_mean": 0.02222199000728627,
      "rel_output_change_per_month": [
        0.05424134060740471,
        0.008569365367293358,
        0.0038552640471607447
      ],
      "base_rmse_TEMP": 0.5027714567142075,
      "probe_rmse_TEMP": 0.503289295112114,
      "base_rmse_SALT": 0.11042236655648392,
      "probe_rmse_SALT": 0.11046480714037539
    },
    "profile_resample_2x": {
      "rel_output_change_mean": 0.004782324035962422,
      "rel_output_change_per_month": [
        0.006587296258658171,
        0.0042829448357224464,
        0.003476731013506651
      ],
      "base_rmse_TEMP": 0.5027714567142075,
      "probe_rmse_TEMP": 0.5028343676209688,
      "base_rmse_SALT": 0.11042236655648395,
      "probe_rmse_SALT": 0.11042778467045435
    }
  },
  "count_sweep": [
    {
      "density": 0,
      "TEMP": 0.5230324305799008,
      "SALT": 0.12460892852885437,
      "floor_TEMP": 0.5521454922442894,
      "floor_SALT": 0.13054309168423556,
      "by_band": {
        "TEMP": {
          "0-100m": 0.6131013379192763,
          "100-300m": 0.5573900586153787,
          "300-max": 0.19482172484357368
        },
        "SALT": {
          "0-100m": 0.17291394926118875,
          "100-300m": 0.09176177583370682,
          "300-max": 0.026089709732414056
        }
      }
    },
    {
      "density": 50,
      "TEMP": 0.5220537078046041,
      "SALT": 0.12376390804835628,
      "floor_TEMP": 0.5521500087015636,
      "floor_SALT": 0.13054657505292372,
      "by_band": {
        "TEMP": {
          "0-100m": 0.6136420527899723,
          "100-300m": 0.5547224231541709,
          "300-max": 0.1919130868498474
        },
        "SALT": {
          "0-100m": 0.1719584750733702,
          "100-300m": 0.09067383634243836,
          "300-max": 0.025782897590545556
        }
      }
    },
    {
      "density": 150,
      "TEMP": 0.522286821116522,
      "SALT": 0.12372589770930083,
      "floor_TEMP": 0.552272084835862,
      "floor_SALT": 0.1305477514886754,
      "by_band": {
        "TEMP": {
          "0-100m": 0.6139966675239802,
          "100-300m": 0.5549290290982943,
          "300-max": 0.19174194868179706
        },
        "SALT": {
          "0-100m": 0.17193130042799804,
          "100-300m": 0.09059045730492374,
          "300-max": 0.025769344651657262
        }
      }
    },
    {
      "density": 375,
      "TEMP": 0.5219888978515975,
      "SALT": 0.12372526909467368,
      "floor_TEMP": 0.5520979640712481,
      "floor_SALT": 0.13055696982356507,
      "by_band": {
        "TEMP": {
          "0-100m": 0.613620447790937,
          "100-300m": 0.5546090536896712,
          "300-max": 0.19177090575467964
        },
        "SALT": {
          "0-100m": 0.17192576791099168,
          "100-300m": 0.09059686004407015,
          "300-max": 0.025777871078744467
        }
      }
    },
    {
      "density": 750,
      "TEMP": 0.5220715902643995,
      "SALT": 0.12376535006799293,
      "floor_TEMP": 0.5522408022307986,
      "floor_SALT": 0.13058921680731708,
      "by_band": {
        "TEMP": {
          "0-100m": 0.6135964897343654,
          "100-300m": 0.5548495794506251,
          "300-max": 0.1918313575544784
        },
        "SALT": {
          "0-100m": 0.1719780348181521,
          "100-300m": 0.09063653088966633,
          "300-max": 0.025778735575411344
        }
      }
    },
    {
      "density": 1500,
      "TEMP": 0.5221331202012565,
      "SALT": 0.12377601410757781,
      "floor_TEMP": 0.5523692977132025,
      "floor_SALT": 0.13061759011832208,
      "by_band": {
        "TEMP": {
          "0-100m": 0.6137770199140685,
          "100-300m": 0.5547440112566119,
          "300-max": 0.19187036398636326
        },
        "SALT": {
          "0-100m": 0.17199690707368215,
          "100-300m": 0.09061952978834423,
          "300-max": 0.025781458775524395
        }
      }
    },
    {
      "density": 3000,
      "TEMP": 0.5215867181754624,
      "SALT": 0.1237957081344476,
      "floor_TEMP": 0.5517762202092336,
      "floor_SALT": 0.1306226568430645,
      "by_band": {
        "TEMP": {
          "0-100m": 0.6131981435588888,
          "100-300m": 0.5541591826212161,
          "300-max": 0.1914293934772251
        },
        "SALT": {
          "0-100m": 0.1720431988081555,
          "100-300m": 0.09060555324357272,
          "300-max": 0.025764597153145826
        }
      }
    }
  ],
  "modality_floor": {
    "TEMP": 0.5521031881494459,
    "SALT": 0.1305385209411477
  },
  "modality_matrix": {
    "full": {
      "TEMP": 0.5219730463608876,
      "SALT": 0.12370914649485407,
      "by_band": {
        "TEMP": {
          "0-100m": 0.613507788066211,
          "100-300m": 0.5547548220375295,
          "300-max": 0.191625114686451
        },
        "SALT": {
          "0-100m": 0.1718931048978455,
          "100-300m": 0.09061069732000265,
          "300-max": 0.02578277677096825
        }
      }
    },
    "drop_surf": {
      "TEMP": 0.5319512683636004,
      "SALT": 0.12719749042490475,
      "by_band": {
        "TEMP": {
          "0-100m": 0.6235290018460186,
          "100-300m": 0.5677190258537794,
          "300-max": 0.19478612646502838
        },
        "SALT": {
          "0-100m": 0.17718512508639264,
          "100-300m": 0.09223230683093331,
          "300-max": 0.026095994589036893
        }
      }
    },
    "drop_woa": {
      "TEMP": 0.5205909700859909,
      "SALT": 0.12297647328453046,
      "by_band": {
        "TEMP": {
          "0-100m": 0.6105037068316741,
          "100-300m": 0.5548745294406864,
          "300-max": 0.19208422383795634
        },
        "SALT": {
          "0-100m": 0.17109051955352544,
          "100-300m": 0.0895760911877473,
          "300-max": 0.02567683370593299
        }
      }
    },
    "drop_profiles": {
      "TEMP": 0.5230269204564647,
      "SALT": 0.12460397803043687,
      "by_band": {
        "TEMP": {
          "0-100m": 0.612979337728297,
          "100-300m": 0.5575536248557702,
          "300-max": 0.1947581395895455
        },
        "SALT": {
          "0-100m": 0.17289846457377872,
          "100-300m": 0.09177761085235182,
          "300-max": 0.026098885500656265
        }
      }
    }
  }
}