{
  "tag": "full_perceiver_s1234",
  "task": "week4_full_train",
  "variant": "perceiver",
  "config": "profiles_woa_surf",
  "protocol": "protocol_v1",
  "git_commit": "072c97a67f487f47826427daf2b98554e905938e",
  "smoke": false,
  "seed": 1234,
  "device": "NVIDIA A100-SXM4-80GB",
  "tf32": true,
  "steps": 100000,
  "val_every": 2500,
  "patience": 10,
  "queries_per_step": 8192,
  "lr": 0.0003,
  "lr_min": 1e-05,
  "schedule": "cosine",
  "optimizer": "Adam",
  "n_params": 988674,
  "d_model": 128,
  "n_latent": 128,
  "n_heads": 4,
  "n_self_blocks": 4,
  "profile_count_augmentation": [
    0,
    3000
  ],
  "n_profiles_eval": 1500,
  "obs_query_frac": 0.25,
  "warmup": 1000,
  "coord_features": "fourier_v2",
  "train_months": 276,
  "val_months": 36,
  "test_months": [
    1933,
    1935,
    1936,
    1938,
    1942,
    1946,
    1952,
    1953,
    1956,
    1965,
    1967,
    1976
  ],
  "val_floor": {
    "TEMP": 0.504354108106975,
    "SALT": 0.11415249688277247
  },
  "test_floor": {
    "TEMP": 0.5521032754278907,
    "SALT": 0.13053003502042987
  },
  "ckpt": "/home/nvidia/ocean_project/outputs/ckpt/full_perceiver_s1234.pt",
  "status": "done",
  "best": {
    "score": 0.9689990653635179,
    "step": 5000,
    "val_TEMP": 0.4892227893870445,
    "val_SALT": 0.11049956101039532
  },
  "test": {
    "TEMP": 0.5346053039892644,
    "SALT": 0.12255989773024029,
    "by_band": {
      "TEMP": {
        "0-100m": 0.6231934696708561,
        "100-300m": 0.5723246677435001,
        "300-max": 0.2071914318866422
      },
      "SALT": {
        "0-100m": 0.16952871241740808,
        "100-300m": 0.09131707977549533,
        "300-max": 0.026432095308713977
      }
    },
    "by_depth": {
      "TEMP": [
        0.594404082426463,
        0.5917105188963288,
        0.5868074446856691,
        0.5940237296702829,
        0.6244944364182058,
        0.6506751741170843,
        0.6648841249862538,
        0.6744769556253776,
        0.7030026855488843,
        0.6968931127320754,
        0.6439947615400385,
        0.5734855562761645,
        0.5026292047930331,
        0.4202665966267551,
        0.3588288168865145,
        0.3052318022419144,
        0.24851126973294727,
        0.1875743323995653,
        0.12457763108397059,
        0.07766923179974786
      ],
      "SALT": [
        0.19684649951835903,
        0.19513833476296627,
        0.1861426811171423,
        0.1707638071518835,
        0.1632225700311162,
        0.1540624954424603,
        0.14487714638170038,
        0.13110299637148842,
        0.1176256533339298,
        0.10756868485354937,
        0.0989142115992605,
        0.091335814860355,
        0.08259983498965334,
        0.06890369279758966,
        0.05448337128688656,
        0.04083212731953621,
        0.02996030066572459,
        0.022034137794404808,
        0.015581014522897545,
        0.012285169857466614
      ]
    },
    "skill_vs_floor": {
      "TEMP": 0.03169329402196541,
      "SALT": 0.0610597958465432
    }
  },
  "optimizer_steps": 30000,
  "gpu_hours": 0.72,
  "curves": {
    "step": [
      2500,
      5000,
      7500,
      10000,
      12500,
      15000,
      17500,
      20000,
      22500,
      25000,
      27500,
      30000
    ],
    "train_loss": [
      1.0223070949316024,
      0.859490612745285,
      0.7679675394296646,
      0.6510115571320056,
      0.6833331240713596,
      0.5795084957778454,
      0.5190423902869225,
      0.5187190599739552,
      0.48895825758576394,
      0.4593778318166733,
      0.4365651096403599,
      0.42517213940620424
    ],
    "lr": [
      0.0002998357641815361,
      0.0002988334478604653,
      0.0002969263547011429,
      0.0002941264811741021,
      0.0002904514397384405,
      0.0002859243480515601,
      0.0002805736835487436,
      0.0002744331043073257,
      0.0002675412373223047,
      0.00025994143552523515,
      0.00025168150507486227,
      0.00024281340463496164
    ],
    "val_TEMP": [
      0.5057921157586887,
      0.4892227893870445,
      0.48876968243046526,
      0.5284943550749567,
      0.49762249774960116,
      0.5192977747508818,
      0.5174082338699498,
      0.5050446102311744,
      0.5341612481411915,
      0.562672951322723,
      0.5487431552773347,
      0.5487273749654662
    ],
    "val_SALT": [
      0.11440756047300905,
      0.11049956101039532,
      0.11526728895896278,
      0.11884568739445699,
      0.11472446014127248,
      0.12175202675287514,
      0.11897106402725147,
      0.12023509116694321,
      0.12120832227392048,
      0.12940653469095073,
      0.12550190432558292,
      0.1269146998227227
    ],
    "val_score": [
      1.0025427987576183,
      0.9689990653635179,
      0.9894330223653962,
      1.044488513720383,
      0.9958317634070533,
      1.0481014013546335,
      1.0340472623208519,
      1.027326946767392,
      1.0604550747399322,
      1.1246296720835667,
      1.0937174388524835,
      1.0998899883545628
    ]
  }
}