{
  "tag": "fullA_mbca_s1235",
  "variant": "mbca",
  "seed": 1235,
  "ckpt_step": 2500,
  "protocol": "protocol_v1",
  "n_profiles_eval": 1500,
  "probes": {
    "duplicate_half": {
      "rel_output_change_mean": 0.004451236920431256,
      "rel_output_change_per_month": [
        0.0037407127674669027,
        0.007204407826066017,
        0.002408590167760849
      ],
      "base_rmse_TEMP": 0.5126830270027767,
      "probe_rmse_TEMP": 0.5126816670021102,
      "base_rmse_SALT": 0.11384093773470576,
      "probe_rmse_SALT": 0.11383925332588048
    },
    "patch_refine_2x": {
      "rel_output_change_mean": 0.006688438511143128,
      "rel_output_change_per_month": [
        0.009569920599460602,
        0.00540334964171052,
        0.005092045292258263
      ],
      "base_rmse_TEMP": 0.5126830270027767,
      "probe_rmse_TEMP": 0.5125507034903055,
      "base_rmse_SALT": 0.11384093773470577,
      "probe_rmse_SALT": 0.1138007804176555
    },
    "profile_resample_2x": {
      "rel_output_change_mean": 0.006252195996542771,
      "rel_output_change_per_month": [
        0.006623160559684038,
        0.006297287065535784,
        0.005836140364408493
      ],
      "base_rmse_TEMP": 0.5126830270027768,
      "probe_rmse_TEMP": 0.5127766634355629,
      "base_rmse_SALT": 0.11384093773470577,
      "probe_rmse_SALT": 0.11388093288277001
    }
  },
  "count_sweep": [
    {
      "density": 0,
      "TEMP": 0.523921896285998,
      "SALT": 0.12153080248731576,
      "floor_TEMP": 0.5521454922442891,
      "floor_SALT": 0.13054309168423564,
      "by_band": {
        "TEMP": {
          "0-100m": 0.6099168350105406,
          "100-300m": 0.5620396633698562,
          "300-max": 0.20267654475364427
        },
        "SALT": {
          "0-100m": 0.16777388414334135,
          "100-300m": 0.09113640198123613,
          "300-max": 0.026913744843093064
        }
      }
    },
    {
      "density": 50,
      "TEMP": 0.5208502022278695,
      "SALT": 0.12060638304487423,
      "floor_TEMP": 0.5521359628133873,
      "floor_SALT": 0.130542962560068,
      "by_band": {
        "TEMP": {
          "0-100m": 0.6076605645249551,
          "100-300m": 0.5572748352894458,
          "300-max": 0.20049177734087958
        },
        "SALT": {
          "0-100m": 0.1668339716979852,
          "100-300m": 0.08970764847302425,
          "300-max": 0.026677630293438125
        }
      }
    },
    {
      "density": 150,
      "TEMP": 0.5204811975644328,
      "SALT": 0.12028772351296405,
      "floor_TEMP": 0.5521902884344183,
      "floor_SALT": 0.1305402922420252,
      "by_band": {
        "TEMP": {
          "0-100m": 0.6077474200606384,
          "100-300m": 0.5562673750034194,
          "300-max": 0.20010603973376057
        },
        "SALT": {
          "0-100m": 0.1664679363461314,
          "100-300m": 0.08930887564503509,
          "300-max": 0.026590477251504516
        }
      }
    },
    {
      "density": 375,
      "TEMP": 0.5207334701225068,
      "SALT": 0.12028727245361366,
      "floor_TEMP": 0.5520592446195577,
      "floor_SALT": 0.1305309330449489,
      "by_band": {
        "TEMP": {
          "0-100m": 0.608372224147739,
          "100-300m": 0.5561219223045062,
          "300-max": 0.2001448818049425
        },
        "SALT": {
          "0-100m": 0.16646804065595178,
          "100-300m": 0.08930555233819552,
          "300-max": 0.02659977990129474
        }
      }
    },
    {
      "density": 750,
      "TEMP": 0.5205607452960086,
      "SALT": 0.12032264885829581,
      "floor_TEMP": 0.5518918937767904,
      "floor_SALT": 0.13052835039836008,
      "by_band": {
        "TEMP": {
          "0-100m": 0.608060065720107,
          "100-300m": 0.5560253895683213,
          "300-max": 0.20027046390476053
        },
        "SALT": {
          "0-100m": 0.16650314406053185,
          "100-300m": 0.08935975680028564,
          "300-max": 0.026600913998772856
        }
      }
    },
    {
      "density": 1500,
      "TEMP": 0.520418111064292,
      "SALT": 0.1203852768225031,
      "floor_TEMP": 0.552006112280921,
      "floor_SALT": 0.13060543193207103,
      "by_band": {
        "TEMP": {
          "0-100m": 0.6074964322282825,
          "100-300m": 0.5564197770721134,
          "300-max": 0.2001508127040249
        },
        "SALT": {
          "0-100m": 0.16661261884916162,
          "100-300m": 0.0893627576753679,
          "300-max": 0.026600020829131432
        }
      }
    },
    {
      "density": 3000,
      "TEMP": 0.5206821434356131,
      "SALT": 0.1203587394666848,
      "floor_TEMP": 0.5522069111113928,
      "floor_SALT": 0.13055989502823168,
      "by_band": {
        "TEMP": {
          "0-100m": 0.6080102239525953,
          "100-300m": 0.5564089826896031,
          "300-max": 0.20016369991929517
        },
        "SALT": {
          "0-100m": 0.16654817059299093,
          "100-300m": 0.08937969271803767,
          "300-max": 0.02660735610760679
        }
      }
    }
  ],
  "modality_floor": {
    "TEMP": 0.5522386981703085,
    "SALT": 0.13050805785867267
  },
  "modality_matrix": {
    "full": {
      "TEMP": 0.5205549011962152,
      "SALT": 0.12026433227613859,
      "by_band": {
        "TEMP": {
          "0-100m": 0.6079027339377101,
          "100-300m": 0.5562894456935468,
          "300-max": 0.20004655856131962
        },
        "SALT": {
          "0-100m": 0.16643783016240513,
          "100-300m": 0.0892912170670104,
          "300-max": 0.026588027951477362
        }
      }
    },
    "drop_surf": {
      "TEMP": 0.5232315612295685,
      "SALT": 0.12081174736139809,
      "by_band": {
        "TEMP": {
          "0-100m": 0.6114434916980405,
          "100-300m": 0.5585151350485527,
          "300-max": 0.20146010006021706
        },
        "SALT": {
          "0-100m": 0.16722308326355265,
          "100-300m": 0.08965602789953128,
          "300-max": 0.02661004904062747
        }
      }
    },
    "drop_woa": {
      "TEMP": 0.5187168290982612,
      "SALT": 0.1197108434409237,
      "by_band": {
        "TEMP": {
          "0-100m": 0.6063178860581249,
          "100-300m": 0.5538130865168148,
          "300-max": 0.1984316659784241
        },
        "SALT": {
          "0-100m": 0.1657155353719723,
          "100-300m": 0.08876947692881573,
          "300-max": 0.026533273533255398
        }
      }
    },
    "drop_profiles": {
      "TEMP": 0.5239972282105037,
      "SALT": 0.12150368127819605,
      "by_band": {
        "TEMP": {
          "0-100m": 0.6099163645251481,
          "100-300m": 0.5622577746237788,
          "300-max": 0.20266254638844874
        },
        "SALT": {
          "0-100m": 0.1677386127378983,
          "100-300m": 0.09111700143787392,
          "300-max": 0.026909457556891062
        }
      }
    }
  }
}