{
  "tag": "fullA_mbca_s1234",
  "task": "week4_full_train",
  "variant": "mbca",
  "config": "profiles_woa_surf",
  "protocol": "protocol_v1",
  "git_commit": "072c97a67f487f47826427daf2b98554e905938e",
  "smoke": false,
  "seed": 1234,
  "device": "NVIDIA A100-SXM4-80GB",
  "tf32": true,
  "steps": 20000,
  "val_every": 2500,
  "patience": 5,
  "queries_per_step": 16384,
  "lr": 0.0003,
  "lr_min": 1e-05,
  "schedule": "cosine",
  "optimizer": "Adam",
  "n_params": 1050242,
  "d_model": 128,
  "n_latent": 128,
  "n_heads": 4,
  "n_self_blocks": 4,
  "profile_count_augmentation": [
    0,
    3000
  ],
  "n_profiles_eval": 1500,
  "obs_query_frac": 0.25,
  "warmup": 2000,
  "input_noise": 0.05,
  "weight_decay": 0.01,
  "grid_drop": 0.3,
  "val_queries_subsample": 100000,
  "coord_features": "fourier_v2",
  "train_months": 276,
  "val_months": 36,
  "test_months": [
    1933,
    1935,
    1936,
    1938,
    1942,
    1946,
    1952,
    1953,
    1956,
    1965,
    1967,
    1976
  ],
  "val_floor": {
    "TEMP": 0.5042736524242885,
    "SALT": 0.11403355393214275
  },
  "test_floor": {
    "TEMP": 0.5521032754278905,
    "SALT": 0.1305300350204299
  },
  "ckpt": "/home/nvidia/ocean_project/outputs/ckpt/fullA_mbca_s1234.pt",
  "status": "done",
  "best": {
    "score": 0.9458138414486323,
    "step": 2500,
    "val_TEMP": 0.48010248503108877,
    "val_SALT": 0.1071414027423138
  },
  "test": {
    "TEMP": 0.5260000727455062,
    "SALT": 0.11876546584561022,
    "by_band": {
      "TEMP": {
        "0-100m": 0.6156200560050351,
        "100-300m": 0.5610908200088589,
        "300-max": 0.19897606060287937
      },
      "SALT": {
        "0-100m": 0.16419286225049748,
        "100-300m": 0.0885380293148351,
        "300-max": 0.026344938427329077
      }
    },
    "by_depth": {
      "TEMP": [
        0.5853299123977675,
        0.5818700345697865,
        0.5798579273159095,
        0.5861159912489938,
        0.6145540902654534,
        0.642220902395354,
        0.6584864853637864,
        0.6718644684269814,
        0.700282288527848,
        0.6911410053550815,
        0.6344252569134359,
        0.5595419936585395,
        0.4848910769979147,
        0.3998749710922,
        0.33672275127301293,
        0.28899309484178043,
        0.2352201706702843,
        0.18465326182657715,
        0.12622870932527144,
        0.0803916480039831
      ],
      "SALT": [
        0.19114757905922805,
        0.18799815152673152,
        0.1811160884532286,
        0.16589934610320892,
        0.15798118766961666,
        0.14915879861524742,
        0.14013234231024094,
        0.1262309369522707,
        0.11350652503112245,
        0.10461614321411358,
        0.096533042268724,
        0.08894568172230792,
        0.08001732320771715,
        0.06627926667561175,
        0.05230379309453448,
        0.03979277533257177,
        0.030021463442363918,
        0.022617006781938002,
        0.01611336928142581,
        0.012957929958829629
      ]
    },
    "skill_vs_floor": {
      "TEMP": 0.047279564972973254,
      "SALT": 0.09012921181686917
    }
  },
  "optimizer_steps": 15000,
  "gpu_hours": 0.353,
  "curves": {
    "step": [
      2500,
      5000,
      7500,
      10000,
      12500,
      15000
    ],
    "train_loss": [
      0.9471184828877449,
      0.8286250162124634,
      0.711988129466772,
      0.6230988128483296,
      0.5890094366669655,
      0.528764297068119
    ],
    "lr": [
      0.0002994482312233031,
      0.0002805736835487436,
      0.00023816858327090166,
      0.0001801789857617049,
      0.00011747123846013447,
      6.179579659545178e-05
    ],
    "val_TEMP": [
      0.48010248503108877,
      0.4753999966812674,
      0.46913741492000677,
      0.507567877245574,
      0.5356616231288226,
      0.5304247332774435
    ],
    "val_SALT": [
      0.1071414027423138,
      0.10955700431270282,
      0.10968486643531265,
      0.11587111487610978,
      0.12407139695082559,
      0.1260754430036383
    ],
    "val_score": [
      0.9458138414486323,
      0.9517428323322503,
      0.9460939588925782,
      1.0113234130564155,
      1.0751346347138608,
      1.078729216152626
    ]
  }
}