{
  "tag": "fullA_perceiver_s1235",
  "variant": "perceiver",
  "seed": 1235,
  "ckpt_step": 2500,
  "protocol": "protocol_v1",
  "n_profiles_eval": 1500,
  "probes": {
    "duplicate_half": {
      "rel_output_change_mean": 0.00889237659672896,
      "rel_output_change_per_month": [
        0.008968840353190899,
        0.009502350352704525,
        0.008205939084291458
      ],
      "base_rmse_TEMP": 0.5248711752610987,
      "probe_rmse_TEMP": 0.5247512704818093,
      "base_rmse_SALT": 0.11502917944489821,
      "probe_rmse_SALT": 0.11502474992368648
    },
    "patch_refine_2x": {
      "rel_output_change_mean": 0.5409724116325378,
      "rel_output_change_per_month": [
        0.6240184307098389,
        0.3681809902191162,
        0.6307178139686584
      ],
      "base_rmse_TEMP": 0.5248711752610989,
      "probe_rmse_TEMP": 0.5194281165842919,
      "base_rmse_SALT": 0.11502917944489821,
      "probe_rmse_SALT": 0.11497003642086269
    },
    "profile_resample_2x": {
      "rel_output_change_mean": 0.0001988198976808538,
      "rel_output_change_per_month": [
        0.00017928704619407654,
        0.0002341636281926185,
        0.00018300901865586638
      ],
      "base_rmse_TEMP": 0.5248711752610989,
      "probe_rmse_TEMP": 0.5248713234734311,
      "base_rmse_SALT": 0.11502917944489821,
      "probe_rmse_SALT": 0.11502915214005889
    }
  },
  "count_sweep": [
    {
      "density": 0,
      "TEMP": 0.5318527703252296,
      "SALT": 0.12177602656592634,
      "floor_TEMP": 0.5521454922442892,
      "floor_SALT": 0.13054309168423564,
      "by_band": {
        "TEMP": {
          "0-100m": 0.6197029409108156,
          "100-300m": 0.5692328836328293,
          "300-max": 0.2081805539834833
        },
        "SALT": {
          "0-100m": 0.16786657662849616,
          "100-300m": 0.09178638022856717,
          "300-max": 0.027326079792894472
        }
      }
    },
    {
      "density": 50,
      "TEMP": 0.5317834176065441,
      "SALT": 0.12176038466339156,
      "floor_TEMP": 0.5521359628133872,
      "floor_SALT": 0.13054296256006798,
      "by_band": {
        "TEMP": {
          "0-100m": 0.619656863136894,
          "100-300m": 0.5691132631430748,
          "300-max": 0.20815167941834734
        },
        "SALT": {
          "0-100m": 0.1678419369116207,
          "100-300m": 0.09178043652661572,
          "300-max": 0.02732647200482477
        }
      }
    },
    {
      "density": 150,
      "TEMP": 0.5317455331121679,
      "SALT": 0.1217386469005239,
      "floor_TEMP": 0.5521902884344183,
      "floor_SALT": 0.13054029224202518,
      "by_band": {
        "TEMP": {
          "0-100m": 0.6194760746716079,
          "100-300m": 0.5692544621424394,
          "300-max": 0.20812448426972804
        },
        "SALT": {
          "0-100m": 0.16781095387108358,
          "100-300m": 0.09176639019715675,
          "300-max": 0.027325164486608294
        }
      }
    },
    {
      "density": 375,
      "TEMP": 0.5314567825859842,
      "SALT": 0.12168393292391344,
      "floor_TEMP": 0.5520592446195576,
      "floor_SALT": 0.13053093304494875,
      "by_band": {
        "TEMP": {
          "0-100m": 0.6191167108276489,
          "100-300m": 0.5689651325588218,
          "300-max": 0.20805695981362618
        },
        "SALT": {
          "0-100m": 0.16773119805914025,
          "100-300m": 0.09173204217837364,
          "300-max": 0.02732815653158207
        }
      }
    },
    {
      "density": 750,
      "TEMP": 0.5311309371249037,
      "SALT": 0.1216146163734195,
      "floor_TEMP": 0.5518918937767904,
      "floor_SALT": 0.13052835039835994,
      "by_band": {
        "TEMP": {
          "0-100m": 0.6188933943270927,
          "100-300m": 0.568394149543806,
          "300-max": 0.20796969695733805
        },
        "SALT": {
          "0-100m": 0.16762131718009127,
          "100-300m": 0.0917045510993208,
          "300-max": 0.027324192317861998
        }
      }
    },
    {
      "density": 1500,
      "TEMP": 0.5310102545724249,
      "SALT": 0.12166332334902628,
      "floor_TEMP": 0.5520061122809214,
      "floor_SALT": 0.1306054319320712,
      "by_band": {
        "TEMP": {
          "0-100m": 0.6183094507131315,
          "100-300m": 0.5688636783399535,
          "300-max": 0.20788305456405917
        },
        "SALT": {
          "0-100m": 0.16770631292911306,
          "100-300m": 0.09170843277977178,
          "300-max": 0.02732579601070481
        }
      }
    },
    {
      "density": 3000,
      "TEMP": 0.5309502679290699,
      "SALT": 0.12155097581281585,
      "floor_TEMP": 0.5522069111113931,
      "floor_SALT": 0.13055989502823173,
      "by_band": {
        "TEMP": {
          "0-100m": 0.6183687246961282,
          "100-300m": 0.5686138549731306,
          "300-max": 0.20774159431823405
        },
        "SALT": {
          "0-100m": 0.16751926698072028,
          "100-300m": 0.09166629173624453,
          "300-max": 0.027328247854315646
        }
      }
    }
  ],
  "modality_floor": {
    "TEMP": 0.5522386981703087,
    "SALT": 0.1305080578586726
  },
  "modality_matrix": {
    "full": {
      "TEMP": 0.5312254548123553,
      "SALT": 0.1215622838090308,
      "by_band": {
        "TEMP": {
          "0-100m": 0.6187140377260519,
          "100-300m": 0.5689297773785074,
          "300-max": 0.2078510073197544
        },
        "SALT": {
          "0-100m": 0.16755116237366188,
          "100-300m": 0.09166827344052063,
          "300-max": 0.027319240866815284
        }
      }
    },
    "drop_surf": {
      "TEMP": 0.5442899347619176,
      "SALT": 0.1259370489873506,
      "by_band": {
        "TEMP": {
          "0-100m": 0.6359435598638511,
          "100-300m": 0.580146162938993,
          "300-max": 0.21358696544850406
        },
        "SALT": {
          "0-100m": 0.17385028511733738,
          "100-300m": 0.09450867170479417,
          "300-max": 0.027649711763549197
        }
      }
    },
    "drop_woa": {
      "TEMP": 0.5297834254006663,
      "SALT": 0.12117923065436988,
      "by_band": {
        "TEMP": {
          "0-100m": 0.6168328107846598,
          "100-300m": 0.56767259642487,
          "300-max": 0.20718217522352955
        },
        "SALT": {
          "0-100m": 0.16698494377084136,
          "100-300m": 0.0914459703601232,
          "300-max": 0.027316309947123706
        }
      }
    },
    "drop_profiles": {
      "TEMP": 0.5319188998522184,
      "SALT": 0.12174401995824043,
      "by_band": {
        "TEMP": {
          "0-100m": 0.6197024194072006,
          "100-300m": 0.5694295599566154,
          "300-max": 0.20815669832314648
        },
        "SALT": {
          "0-100m": 0.16782321075037016,
          "100-300m": 0.0917659657894403,
          "300-max": 0.027322120923985706
        }
      }
    }
  }
}