{
  "tag": "fullA_perceiver_s1234",
  "task": "week4_full_train",
  "variant": "perceiver",
  "config": "profiles_woa_surf",
  "protocol": "protocol_v1",
  "git_commit": "072c97a67f487f47826427daf2b98554e905938e",
  "smoke": false,
  "seed": 1234,
  "device": "NVIDIA A100-SXM4-80GB",
  "tf32": true,
  "steps": 20000,
  "val_every": 2500,
  "patience": 5,
  "queries_per_step": 16384,
  "lr": 0.0003,
  "lr_min": 1e-05,
  "schedule": "cosine",
  "optimizer": "Adam",
  "n_params": 1050242,
  "d_model": 128,
  "n_latent": 128,
  "n_heads": 4,
  "n_self_blocks": 4,
  "profile_count_augmentation": [
    0,
    3000
  ],
  "n_profiles_eval": 1500,
  "obs_query_frac": 0.25,
  "warmup": 2000,
  "input_noise": 0.05,
  "weight_decay": 0.01,
  "grid_drop": 0.3,
  "val_queries_subsample": 100000,
  "coord_features": "fourier_v2",
  "train_months": 276,
  "val_months": 36,
  "test_months": [
    1933,
    1935,
    1936,
    1938,
    1942,
    1946,
    1952,
    1953,
    1956,
    1965,
    1967,
    1976
  ],
  "val_floor": {
    "TEMP": 0.5042736524242885,
    "SALT": 0.11403355393214282
  },
  "test_floor": {
    "TEMP": 0.55210327542789,
    "SALT": 0.13053003502042984
  },
  "ckpt": "/home/nvidia/ocean_project/outputs/ckpt/fullA_perceiver_s1234.pt",
  "status": "done",
  "best": {
    "score": 0.9401576749417537,
    "step": 5000,
    "val_TEMP": 0.472285357839246,
    "val_SALT": 0.10761913755125972
  },
  "test": {
    "TEMP": 0.5154110800599216,
    "SALT": 0.12046271867436541,
    "by_band": {
      "TEMP": {
        "0-100m": 0.6110223098126687,
        "100-300m": 0.5414030329449785,
        "300-max": 0.18672208987901276
      },
      "SALT": {
        "0-100m": 0.16739213755700721,
        "100-300m": 0.08816576826014084,
        "300-max": 0.02535477493674623
      }
    },
    "by_depth": {
      "TEMP": [
        0.584204417776236,
        0.579262498866578,
        0.5744483959851407,
        0.5839493715000214,
        0.6120121973624723,
        0.6369894858214509,
        0.6515020041445728,
        0.6618713720671068,
        0.687946621301327,
        0.6763302503939426,
        0.6154991130068397,
        0.5372414464429109,
        0.45796167745521194,
        0.3684527557240616,
        0.3105676327443668,
        0.26635601230767925,
        0.22321100889075873,
        0.17581725976818238,
        0.12024651898109144,
        0.07707968537747442
      ],
      "SALT": [
        0.19732203901597906,
        0.19210444439547675,
        0.18516307811818394,
        0.1691357492329225,
        0.16094696347285395,
        0.15134058027365133,
        0.1414339477243116,
        0.1259380822795615,
        0.1132073973233334,
        0.10489556343048327,
        0.0965855294533153,
        0.08871489946847262,
        0.0793501839690604,
        0.06479427635663829,
        0.05110382486829228,
        0.03860578234784803,
        0.02883829495292115,
        0.021557302657729635,
        0.015332337230134075,
        0.012191652409528853
      ]
    },
    "skill_vs_floor": {
      "TEMP": 0.06645893440775408,
      "SALT": 0.07712643564746424
    }
  },
  "optimizer_steps": 17500,
  "gpu_hours": 0.429,
  "curves": {
    "step": [
      2500,
      5000,
      7500,
      10000,
      12500,
      15000,
      17500
    ],
    "train_loss": [
      0.9668731704354286,
      0.8278485894203186,
      0.7052422578632832,
      0.6243249422311783,
      0.5760049723088742,
      0.5348551687598229,
      0.514809085726738
    ],
    "lr": [
      0.0002994482312233031,
      0.0002805736835487436,
      0.00023816858327090166,
      0.0001801789857617049,
      0.00011747123846013447,
      6.179579659545178e-05,
      2.358537087968576e-05
    ],
    "val_TEMP": [
      0.4830483441663158,
      0.472285357839246,
      0.5141162232376272,
      0.5141083647740693,
      0.5303369219043951,
      0.5469167906399904,
      0.5538141531278226
    ],
    "val_SALT": [
      0.1096810716490239,
      0.10761913755125972,
      0.11348959813304146,
      0.11704852520969318,
      0.1181570023882212,
      0.12180438261840525,
      0.12228670457772044
    ],
    "val_score": [
      0.9598703559535842,
      0.9401576749417537,
      1.007374087284341,
      1.0229710317190193,
      1.04392236543909,
      1.076354296555862,
      1.0853080295378406
    ]
  }
}