{
  "tag": "full_mbca_s1234",
  "variant": "mbca",
  "seed": 1234,
  "ckpt_step": 5000,
  "protocol": "protocol_v1",
  "n_profiles_eval": 1500,
  "probes": {
    "duplicate_half": {
      "rel_output_change_mean": 0.007110047736205161,
      "rel_output_change_per_month": [
        0.01108049601316452,
        0.003139599459245801
      ],
      "base_rmse_TEMP": 0.5064864095990896,
      "probe_rmse_TEMP": 0.5064955891540863,
      "base_rmse_SALT": 0.10713265558459019,
      "probe_rmse_SALT": 0.1071558406751302
    },
    "patch_refine_2x": {
      "rel_output_change_mean": 0.15884312987327576,
      "rel_output_change_per_month": [
        0.13477565348148346,
        0.18291060626506805
      ],
      "base_rmse_TEMP": 0.5064864095990896,
      "probe_rmse_TEMP": 0.507182180872148,
      "base_rmse_SALT": 0.1071326555845902,
      "probe_rmse_SALT": 0.10639006865137438
    },
    "profile_resample_2x": {
      "rel_output_change_mean": 0.005064853932708502,
      "rel_output_change_per_month": [
        0.00473843514919281,
        0.005391272716224194
      ],
      "base_rmse_TEMP": 0.5064864095990896,
      "probe_rmse_TEMP": 0.5064832700280036,
      "base_rmse_SALT": 0.10713265558459019,
      "probe_rmse_SALT": 0.10717007593411437
    }
  },
  "count_sweep": [
    {
      "density": 0,
      "TEMP": 0.5222299286119284,
      "SALT": 0.12236757469131569,
      "floor_TEMP": 0.5521454922442894,
      "floor_SALT": 0.13054309168423558,
      "by_band": {
        "TEMP": {
          "0-100m": 0.6150093281742158,
          "100-300m": 0.5528762149723602,
          "300-max": 0.1941084926918636
        },
        "SALT": {
          "0-100m": 0.1701942747471829,
          "100-300m": 0.08932413574397653,
          "300-max": 0.02512235788164996
        }
      }
    },
    {
      "density": 375,
      "TEMP": 0.5232180738205259,
      "SALT": 0.12096773281331379,
      "floor_TEMP": 0.5521637496482514,
      "floor_SALT": 0.13054102739882167,
      "by_band": {
        "TEMP": {
          "0-100m": 0.6183973218328983,
          "100-300m": 0.55188967122792,
          "300-max": 0.1905077463381786
        },
        "SALT": {
          "0-100m": 0.1695032733308088,
          "100-300m": 0.08543213876227776,
          "300-max": 0.02460528278446504
        }
      }
    },
    {
      "density": 1500,
      "TEMP": 0.5234029145928639,
      "SALT": 0.12096881837601949,
      "floor_TEMP": 0.5523387819474499,
      "floor_SALT": 0.13055434000098126,
      "by_band": {
        "TEMP": {
          "0-100m": 0.6187562508989147,
          "100-300m": 0.5519666553849193,
          "300-max": 0.19035802343386007
        },
        "SALT": {
          "0-100m": 0.16953129012316825,
          "100-300m": 0.08537927486878932,
          "300-max": 0.024607808221439657
        }
      }
    }
  ],
  "modality_floor": {
    "TEMP": 0.5521032754278903,
    "SALT": 0.13053003502043006
  },
  "modality_matrix": {
    "full": {
      "TEMP": 0.523210200390116,
      "SALT": 0.12096807051114504,
      "by_band": {
        "TEMP": {
          "0-100m": 0.6184620780471565,
          "100-300m": 0.5518317756347981,
          "300-max": 0.19034254899238395
        },
        "SALT": {
          "0-100m": 0.1695335356159391,
          "100-300m": 0.08537551469655554,
          "300-max": 0.02458322474188772
        }
      }
    },
    "drop_surf": {
      "TEMP": 0.5295794453590302,
      "SALT": 0.12342642015310804,
      "by_band": {
        "TEMP": {
          "0-100m": 0.6231214814504603,
          "100-300m": 0.5610079152798804,
          "300-max": 0.19841604745650535
        },
        "SALT": {
          "0-100m": 0.1720561296982401,
          "100-300m": 0.08923679862881566,
          "300-max": 0.025217374402339406
        }
      }
    },
    "drop_woa": {
      "TEMP": 0.5237039976135379,
      "SALT": 0.12104159829565853,
      "by_band": {
        "TEMP": {
          "0-100m": 0.6189368211955553,
          "100-300m": 0.5524395006385435,
          "300-max": 0.1907737109221524
        },
        "SALT": {
          "0-100m": 0.16962149891635595,
          "100-300m": 0.08546543241678885,
          "300-max": 0.024586196471858224
        }
      }
    },
    "drop_profiles": {
      "TEMP": 0.5222333794244601,
      "SALT": 0.12237568883600718,
      "by_band": {
        "TEMP": {
          "0-100m": 0.6151219166417331,
          "100-300m": 0.5527550563994028,
          "300-max": 0.19405518931770635
        },
        "SALT": {
          "0-100m": 0.1702240058395887,
          "100-300m": 0.08929624065161093,
          "300-max": 0.025110726146091333
        }
      }
    }
  }
}