{
  "tag": "fullA_mbca_s1235",
  "task": "week4_full_train",
  "variant": "mbca",
  "config": "profiles_woa_surf",
  "protocol": "protocol_v1",
  "git_commit": "072c97a67f487f47826427daf2b98554e905938e",
  "smoke": false,
  "seed": 1235,
  "device": "NVIDIA A100-SXM4-80GB",
  "tf32": true,
  "steps": 20000,
  "val_every": 2500,
  "patience": 5,
  "queries_per_step": 16384,
  "lr": 0.0003,
  "lr_min": 1e-05,
  "schedule": "cosine",
  "optimizer": "Adam",
  "n_params": 1050242,
  "d_model": 128,
  "n_latent": 128,
  "n_heads": 4,
  "n_self_blocks": 4,
  "profile_count_augmentation": [
    0,
    3000
  ],
  "n_profiles_eval": 1500,
  "obs_query_frac": 0.25,
  "warmup": 2000,
  "input_noise": 0.05,
  "weight_decay": 0.01,
  "grid_drop": 0.3,
  "val_queries_subsample": 100000,
  "coord_features": "fourier_v2",
  "train_months": 276,
  "val_months": 36,
  "test_months": [
    1933,
    1935,
    1936,
    1938,
    1942,
    1946,
    1952,
    1953,
    1956,
    1965,
    1967,
    1976
  ],
  "val_floor": {
    "TEMP": 0.5048034639512822,
    "SALT": 0.11399981796636569
  },
  "test_floor": {
    "TEMP": 0.5522386981703076,
    "SALT": 0.13050805785867256
  },
  "ckpt": "/home/nvidia/ocean_project/outputs/ckpt/fullA_mbca_s1235.pt",
  "status": "done",
  "best": {
    "score": 0.9560565093988855,
    "step": 2500,
    "val_TEMP": 0.477343749845585,
    "val_SALT": 0.11018194815662678
  },
  "test": {
    "TEMP": 0.5205549011962153,
    "SALT": 0.12026433227613859,
    "by_band": {
      "TEMP": {
        "0-100m": 0.6079027339377101,
        "100-300m": 0.5562894456935469,
        "300-max": 0.20004655856131953
      },
      "SALT": {
        "0-100m": 0.16643783016240513,
        "100-300m": 0.08929121706701046,
        "300-max": 0.026588027951477244
      }
    },
    "by_depth": {
      "TEMP": [
        0.577754350795168,
        0.5744473850054551,
        0.5708526530918406,
        0.5787340581654861,
        0.6085390953728229,
        0.6358016675224255,
        0.6507536196022251,
        0.6616704914995587,
        0.6901956175992731,
        0.6823865436345129,
        0.6273741079018964,
        0.555652393019923,
        0.4840401015699569,
        0.4006189997794427,
        0.34033627956563983,
        0.2906909108864633,
        0.23721920476300568,
        0.18537110223098882,
        0.12587381728611582,
        0.08036661588173442
      ],
      "SALT": [
        0.19463403353477224,
        0.19107324975316334,
        0.1826474504577108,
        0.16766298964443882,
        0.1609104038304051,
        0.1517205039931891,
        0.14155956332015276,
        0.12682888983506366,
        0.11400712398995422,
        0.10518252151947881,
        0.09731992408363202,
        0.08989838935644591,
        0.08104691393772007,
        0.06715541866359478,
        0.053237178805943496,
        0.04059837209384923,
        0.030195240336980855,
        0.022444627460518403,
        0.016065636737204923,
        0.012826314375513752
      ]
    },
    "skill_vs_floor": {
      "TEMP": 0.05737337328779735,
      "SALT": 0.07849113495832516
    }
  },
  "optimizer_steps": 15000,
  "gpu_hours": 0.365,
  "curves": {
    "step": [
      2500,
      5000,
      7500,
      10000,
      12500,
      15000
    ],
    "train_loss": [
      0.9175346150994301,
      0.8144965499639512,
      0.6756525368988514,
      0.6159859555959701,
      0.5567245239019394,
      0.5396757301688194
    ],
    "lr": [
      0.0002994482312233031,
      0.0002805736835487436,
      0.00023816858327090166,
      0.0001801789857617049,
      0.00011747123846013447,
      6.179579659545178e-05
    ],
    "val_TEMP": [
      0.477343749845585,
      0.4844425564168963,
      0.48896203482908107,
      0.48340327042137277,
      0.4931752418299358,
      0.4940167069588265
    ],
    "val_SALT": [
      0.11018194815662678,
      0.11235478553221982,
      0.11126916119392587,
      0.1112072962253628,
      0.11434692319612903,
      0.11673868093788681
    ],
    "val_score": [
      0.9560565093988855,
      0.9726177708904171,
      0.9723327262879687,
      0.9665555183608641,
      0.9900048201676008,
      1.0013284606086768
    ]
  }
}