{
  "results": [
    {
      "seed": 1236,
      "density": 1500,
      "method": "woa_prior",
      "config": "profiles_woa_surf",
      "overall": {
        "TEMP": 1.522189736366272,
        "SALT": 0.6001331210136414
      },
      "by_layer": {
        "TEMP": {
          "0-100m": 1.6404765844345093,
          "100-300m": 1.6132440567016602,
          "300-1000m": 1.350422739982605,
          "1000-1500m": 1.143937587738037
        },
        "SALT": {
          "0-100m": 0.7880581617355347,
          "100-300m": 0.5723652839660645,
          "300-1000m": 0.36064067482948303,
          "1000-1500m": 0.2242593914270401
        }
      }
    },
    {
      "seed": 1236,
      "density": 1500,
      "method": "clim_floor",
      "config": "profiles_woa_surf",
      "overall": {
        "TEMP": 0.5026780962944031,
        "SALT": 0.1171855702996254
      },
      "by_layer": {
        "TEMP": {
          "0-100m": 0.632757306098938,
          "100-300m": 0.5630953907966614,
          "300-1000m": 0.19906899333000183,
          "1000-1500m": 0.05817035585641861
        },
        "SALT": {
          "0-100m": 0.17313216626644135,
          "100-300m": 0.09200270473957062,
          "300-1000m": 0.025939662009477615,
          "1000-1500m": 0.010830090381205082
        }
      }
    },
    {
      "seed": 1236,
      "density": 1500,
      "method": "mlp",
      "config": "profiles_woa_surf",
      "overall": {
        "TEMP": 0.266971617937088,
        "SALT": 0.04657667502760887
      },
      "by_layer": {
        "TEMP": {
          "0-100m": 0.2551087737083435,
          "100-300m": 0.37284529209136963,
          "300-1000m": 0.14761953055858612,
          "1000-1500m": 0.041846539825201035
        },
        "SALT": {
          "0-100m": 0.05416617542505264,
          "100-300m": 0.05727730318903923,
          "300-1000m": 0.01976577192544937,
          "1000-1500m": 0.007011855486780405
        }
      }
    },
    {
      "seed": 1236,
      "density": 1500,
      "method": "unet_depthwise",
      "config": "profiles_woa_surf",
      "overall": {
        "TEMP": 0.14085142314434052,
        "SALT": 0.029119843617081642
      },
      "by_layer": {
        "TEMP": {
          "0-100m": 0.15602315962314606,
          "100-300m": 0.17911659181118011,
          "300-1000m": 0.06977406144142151,
          "1000-1500m": 0.021778440102934837
        },
        "SALT": {
          "0-100m": 0.03755326196551323,
          "100-300m": 0.0316043421626091,
          "300-1000m": 0.01053639780730009,
          "1000-1500m": 0.003619537455961108
        }
      }
    },
    {
      "seed": 1236,
      "density": 1500,
      "method": "unet_joint",
      "config": "profiles_woa_surf",
      "overall": {
        "TEMP": 0.17596642673015594,
        "SALT": 0.03621377423405647
      },
      "by_layer": {
        "TEMP": {
          "0-100m": 0.19530077278614044,
          "100-300m": 0.22392208874225616,
          "300-1000m": 0.08528820425271988,
          "1000-1500m": 0.02597883902490139
        },
        "SALT": {
          "0-100m": 0.04809216409921646,
          "100-300m": 0.037393685430288315,
          "300-1000m": 0.012504705227911472,
          "1000-1500m": 0.004411510191857815
        }
      }
    }
  ],
  "run_config": {
    "git_commit": "ec12ccfbe1788395b88fc4706e07b1ada6b74b09",
    "smoke": false,
    "sweep_seed": 1236,
    "split_seed": 1234,
    "density": 1500,
    "config": "profiles_woa_surf",
    "depth_indices": [
      0,
      1,
      2,
      3,
      4,
      5,
      6,
      8,
      10,
      12,
      14,
      16,
      18,
      21,
      24,
      27,
      30,
      33,
      36,
      39,
      40,
      41,
      42
    ],
    "depths_m": [
      5.0,
      15.0,
      25.0,
      35.0,
      45.0,
      55.0,
      65.0,
      85.0,
      105.0,
      125.0,
      145.0,
      165.09840393066406,
      186.29127502441406,
      222.57827758789062,
      267.6542053222656,
      326.86798095703125,
      408.7846374511719,
      527.72802734375,
      707.5632934570312,
      984.7058715820312,
      1106.2042236328125,
      1244.56689453125,
      1400.4971923828125
    ],
    "layers": [
      [
        "0-100m",
        0.0,
        100.0
      ],
      [
        "100-300m",
        100.0,
        300.0
      ],
      [
        "300-1000m",
        300.0,
        1000.0
      ],
      [
        "1000-1500m",
        1000.0,
        1500.0
      ]
    ],
    "device": "cuda",