{
  "results": [
    {
      "seed": 1234,
      "density": 1500,
      "method": "woa_prior",
      "config": "profiles_woa_surf",
      "overall": {
        "TEMP": 1.5227453708648682,
        "SALT": 0.5999561548233032
      },
      "by_layer": {
        "TEMP": {
          "0-100m": 1.641274094581604,
          "100-300m": 1.6137498617172241,
          "300-1000m": 1.35078763961792,
          "1000-1500m": 1.144058346748352
        },
        "SALT": {
          "0-100m": 0.7879623174667358,
          "100-300m": 0.5719884037971497,
          "300-1000m": 0.3605048358440399,
          "1000-1500m": 0.22416266798973083
        }
      }
    },
    {
      "seed": 1234,
      "density": 1500,
      "method": "clim_floor",
      "config": "profiles_woa_surf",
      "overall": {
        "TEMP": 0.5025877356529236,
        "SALT": 0.11724632233381271
      },
      "by_layer": {
        "TEMP": {
          "0-100m": 0.6328054666519165,
          "100-300m": 0.5627782940864563,
          "300-1000m": 0.19895747303962708,
          "1000-1500m": 0.05816476419568062
        },
        "SALT": {
          "0-100m": 0.17324523627758026,
          "100-300m": 0.09198955446481705,
          "300-1000m": 0.025942031294107437,
          "1000-1500m": 0.010827750898897648
        }
      }
    },
    {
      "seed": 1234,
      "density": 1500,
      "method": "mlp",
      "config": "profiles_woa_surf",
      "overall": {
        "TEMP": 0.2646133601665497,
        "SALT": 0.04743457958102226
      },
      "by_layer": {
        "TEMP": {
          "0-100m": 0.25660160183906555,
          "100-300m": 0.36594709753990173,
          "300-1000m": 0.14823460578918457,
          "1000-1500m": 0.041300565004348755
        },
        "SALT": {
          "0-100m": 0.05563465505838394,
          "100-300m": 0.057911500334739685,
          "300-1000m": 0.019658230245113373,
          "1000-1500m": 0.007011970039457083
        }
      }
    },
    {
      "seed": 1234,
      "density": 1500,
      "method": "unet_depthwise",
      "config": "profiles_woa_surf",
      "overall": {
        "TEMP": 0.14113406836986542,
        "SALT": 0.029170626774430275
      },
      "by_layer": {
        "TEMP": {
          "0-100m": 0.15372054278850555,
          "100-300m": 0.182092547416687,
          "300-1000m": 0.07024085521697998,
          "1000-1500m": 0.02118927799165249
        },
        "SALT": {
          "0-100m": 0.0379876084625721,
          "100-300m": 0.031175145879387856,
          "300-1000m": 0.01038878783583641,
          "1000-1500m": 0.0034272081684321165
        }
      }
    },
    {
      "seed": 1234,
      "density": 1500,
      "method": "unet_joint",
      "config": "profiles_woa_surf",
      "overall": {
        "TEMP": 0.17023436725139618,
        "SALT": 0.036249205470085144
      },
      "by_layer": {
        "TEMP": {
          "0-100m": 0.1881909966468811,
          "100-300m": 0.21630200743675232,
          "300-1000m": 0.08668281137943268,
          "1000-1500m": 0.02511732093989849
        },
        "SALT": {
          "0-100m": 0.048743411898612976,
          "100-300m": 0.036455485969781876,
          "300-1000m": 0.012653249315917492,
          "1000-1500m": 0.004352956544607878
        }
      }
    }
  ],
  "run_config": {
    "git_commit": "ec12ccfbe1788395b88fc4706e07b1ada6b74b09",
    "smoke": false,
    "sweep_seed": 1234,
    "split_seed": 1234,
    "density": 1500,
    "config": "profiles_woa_surf",
    "depth_indices": [
      0,
      1,
      2,
      3,
      4,
      5,
      6,
      8,
      10,
      12,
      14,
      16,
      18,
      21,
      24,
      27,
      30,
      33,
      36,
      39,
      40,
      41,
      42
    ],
    "depths_m": [
      5.0,
      15.0,
      25.0,
      35.0,
      45.0,
      55.0,
      65.0,
      85.0,
      105.0,
      125.0,
      145.0,
      165.09840393066406,
      186.29127502441406,
      222.57827758789062,
      267.6542053222656,
      326.86798095703125,
      408.7846374511719,
      527.72802734375,
      707.5632934570312,
      984.7058715820312,
      1106.2042236328125,
      1244.56689453125,
      1400.4971923828125
    ],
    "layers": [
      [
        "0-100m",
        0.0,
        100.0
      ],
      [
        "100-300m",
        100.0,
        300.0
      ],
      [
        "300-1000m",
        300.0,
        1000.0
      ],
      [
        "1000-1500m",
        1000.0,
        1500.0
      ]
    ],
    "device": "cuda",