{
  "results": [
    {
      "seed": 1235,
      "density": 1500,
      "method": "woa_prior",
      "config": "profiles_woa_surf",
      "overall": {
        "TEMP": 1.522618055343628,
        "SALT": 0.59968101978302
      },
      "by_layer": {
        "TEMP": {
          "0-100m": 1.6414546966552734,
          "100-300m": 1.613759160041809,
          "300-1000m": 1.3499852418899536,
          "1000-1500m": 1.143551230430603
        },
        "SALT": {
          "0-100m": 0.7874449491500854,
          "100-300m": 0.5719928741455078,
          "300-1000m": 0.3603793680667877,
          "1000-1500m": 0.2240689992904663
        }
      }
    },
    {
      "seed": 1235,
      "density": 1500,
      "method": "clim_floor",
      "config": "profiles_woa_surf",
      "overall": {
        "TEMP": 0.5029690861701965,
        "SALT": 0.11723347753286362
      },
      "by_layer": {
        "TEMP": {
          "0-100m": 0.6332213878631592,
          "100-300m": 0.5633362531661987,
          "300-1000m": 0.19904208183288574,
          "1000-1500m": 0.058199603110551834
        },
        "SALT": {
          "0-100m": 0.17323538661003113,
          "100-300m": 0.09197915345430374,
          "300-1000m": 0.025933245196938515,
          "1000-1500m": 0.010819220915436745
        }
      }
    },
    {
      "seed": 1235,
      "density": 1500,
      "method": "mlp",
      "config": "profiles_woa_surf",
      "overall": {
        "TEMP": 0.2637513279914856,
        "SALT": 0.047125443816185
      },
      "by_layer": {
        "TEMP": {
          "0-100m": 0.2560676634311676,
          "100-300m": 0.3645588159561157,
          "300-1000m": 0.14747250080108643,
          "1000-1500m": 0.041609641164541245
        },
        "SALT": {
          "0-100m": 0.05559682846069336,
          "100-300m": 0.05711395666003227,
          "300-1000m": 0.019738417118787766,
          "1000-1500m": 0.00695055490359664
        }
      }
    },
    {
      "seed": 1235,
      "density": 1500,
      "method": "unet_depthwise",
      "config": "profiles_woa_surf",
      "overall": {
        "TEMP": 0.14176718890666962,
        "SALT": 0.02886192500591278
      },
      "by_layer": {
        "TEMP": {
          "0-100m": 0.1534920185804367,
          "100-300m": 0.18355828523635864,
          "300-1000m": 0.071499302983284,
          "1000-1500m": 0.02186262607574463
        },
        "SALT": {
          "0-100m": 0.037501927465200424,
          "100-300m": 0.030931219458580017,
          "300-1000m": 0.010421753861010075,
          "1000-1500m": 0.003505535889416933
        }
      }
    },
    {
      "seed": 1235,
      "density": 1500,
      "method": "unet_joint",
      "config": "profiles_woa_surf",
      "overall": {
        "TEMP": 0.17301829159259796,
        "SALT": 0.03680801764130592
      },
      "by_layer": {
        "TEMP": {
          "0-100m": 0.19411924481391907,
          "100-300m": 0.2179022878408432,
          "300-1000m": 0.08411528915166855,
          "1000-1500m": 0.025692371651530266
        },
        "SALT": {
          "0-100m": 0.04964035749435425,
          "100-300m": 0.036904770880937576,
          "300-1000m": 0.012344544753432274,
          "1000-1500m": 0.0044030058197677135
        }
      }
    }
  ],
  "run_config": {
    "git_commit": "ec12ccfbe1788395b88fc4706e07b1ada6b74b09",
    "smoke": false,
    "sweep_seed": 1235,
    "split_seed": 1234,
    "density": 1500,
    "config": "profiles_woa_surf",
    "depth_indices": [
      0,
      1,
      2,
      3,
      4,
      5,
      6,
      8,
      10,
      12,
      14,
      16,
      18,
      21,
      24,
      27,
      30,
      33,
      36,
      39,
      40,
      41,
      42
    ],
    "depths_m": [
      5.0,
      15.0,
      25.0,
      35.0,
      45.0,
      55.0,
      65.0,
      85.0,
      105.0,
      125.0,
      145.0,
      165.09840393066406,
      186.29127502441406,
      222.57827758789062,
      267.6542053222656,
      326.86798095703125,
      408.7846374511719,
      527.72802734375,
      707.5632934570312,
      984.7058715820312,
      1106.2042236328125,
      1244.56689453125,
      1400.4971923828125
    ],
    "layers": [
      [
        "0-100m",
        0.0,
        100.0
      ],
      [
        "100-300m",
        100.0,
        300.0
      ],
      [
        "300-1000m",
        300.0,
        1000.0
      ],
      [
        "1000-1500m",
        1000.0,
        1500.0
      ]
    ],
    "device": "cuda",