{
  "config": {
    "steps": 4000,
    "batch": 16,
    "seed": 0,
    "device": "cuda"
  },
  "results": {
    "perceiver": {
      "train_secs": 49.4,
      "heldout_rmse": 0.09047643840312958,
      "dup_rel_change": {
        "2": 0.1318272203207016,
        "4": 0.3280317485332489,
        "8": 0.6218035817146301
      },
      "dup_rmse": {
        "1": 0.09047643840312958,
        "2": 0.1267385184764862,
        "4": 0.2371375560760498,
        "8": 0.42506328225135803
      },
      "refine_rel_change": 0.4867548942565918,
      "refine_rmse": 0.3330695927143097
    },
    "resampler": {
      "train_secs": 66.4,
      "heldout_rmse": 0.172715425491333,
      "dup_rel_change": {
        "2": 0.006198235787451267,
        "4": 0.009766362607479095,
        "8": 0.011682984419167042
      },
      "dup_rmse": {
        "1": 0.172715425491333,
        "2": 0.17258591949939728,
        "4": 0.17254950106143951,
        "8": 0.1725415289402008
      },
      "refine_rel_change": 0.9094484448432922,
      "refine_rmse": 0.6181886792182922
    },
    "mbca": {
      "train_secs": 47.7,
      "heldout_rmse": 0.09342759102582932,
      "dup_rel_change": {
        "2": 5.725447067561618e-07,
        "4": 6.361814826050249e-07,
        "8": 7.194857403192145e-07
      },
      "dup_rmse": {
        "1": 0.09342759102582932,
        "2": 0.09342756867408752,
        "4": 0.09342756122350693,
        "8": 0.09342756867408752
      },
      "refine_rel_change": 0.3204108774662018,
      "refine_rmse": 0.22899731993675232
    }
  }
}