{
  "tag": "reg_mbca_gd50",
  "task": "week4_full_train",
  "variant": "mbca",
  "config": "profiles_woa_surf",
  "protocol": "protocol_v1",
  "git_commit": "072c97a67f487f47826427daf2b98554e905938e",
  "smoke": false,
  "seed": 1234,
  "device": "NVIDIA A100-SXM4-80GB",
  "tf32": true,
  "steps": 60000,
  "val_every": 2500,
  "patience": 8,
  "queries_per_step": 16384,
  "lr": 0.0003,
  "lr_min": 1e-05,
  "schedule": "cosine",
  "optimizer": "Adam",
  "n_params": 988674,
  "d_model": 128,
  "n_latent": 128,
  "n_heads": 4,
  "n_self_blocks": 4,
  "profile_count_augmentation": [
    0,
    3000
  ],
  "n_profiles_eval": 1500,
  "obs_query_frac": 0.25,
  "warmup": 2000,
  "input_noise": 0.05,
  "weight_decay": 0.01,
  "grid_drop": 0.5,
  "val_queries_subsample": 100000,
  "coord_features": "fourier_v2",
  "train_months": 276,
  "val_months": 36,
  "test_months": [
    1933,
    1935,
    1936,
    1938,
    1942,
    1946,
    1952,
    1953,
    1956,
    1965,
    1967,
    1976
  ],
  "val_floor": {
    "TEMP": 0.5042736524242885,
    "SALT": 0.11403355393214286
  },
  "test_floor": {
    "TEMP": 0.5521032754278911,
    "SALT": 0.13053003502042995
  },
  "ckpt": "/home/nvidia/ocean_project/outputs/ckpt/reg_mbca_gd50.pt",
  "status": "done",
  "best": {
    "score": 0.9502673276336404,
    "step": 5000,
    "val_TEMP": 0.4837119040101873,
    "val_SALT": 0.10734088313290649
  },
  "test": {
    "TEMP": 0.5274339465363392,
    "SALT": 0.12026124333304822,
    "by_band": {
      "TEMP": {
        "0-100m": 0.6174611185215838,
        "100-300m": 0.5633116462890043,
        "300-max": 0.19570404246579354
      },
      "SALT": {
        "0-100m": 0.1670343370453806,
        "100-300m": 0.08822239965445103,
        "300-max": 0.025166751857845622
      }
    },
    "by_depth": {
      "TEMP": [
        0.5881899353532504,
        0.5857192591495175,
        0.5817153293253348,
        0.5877928541441677,
        0.6165297076689057,
        0.6435048548254246,
        0.6594473794744549,
        0.672418288295114,
        0.7002156620212512,
        0.6903745479385449,
        0.6347654503834417,
        0.5636692060401309,
        0.4920682642932959,
        0.40381624078866296,
        0.3419152026346809,
        0.28886017780285694,
        0.23293675378910614,
        0.17732774366092,
        0.1185307935574968,
        0.07524421566152273
      ],
      "SALT": [
        0.1954218248452897,
        0.19213473026618277,
        0.18492771053287144,
        0.1686889346660146,
        0.16030852124588035,
        0.1510552389858312,
        0.14174290709126133,
        0.126869328112826,
        0.11333994774092106,
        0.1042233796876079,
        0.09598448872561474,
        0.08856307161325533,
        0.0798961308130199,
        0.06601626879074624,
        0.051900056054322165,
        0.03883099722347589,
        0.02852802435474304,
        0.021056040359826306,
        0.014832022448498364,
        0.011716755585014076
      ]
    },
    "skill_vs_floor": {
      "TEMP": 0.04468245342763566,
      "SALT": 0.0786699527489938
    }
  },
  "optimizer_steps": 25000,
  "gpu_hours": 0.51,
  "curves": {
    "step": [
      2500,
      5000,
      7500,
      10000,
      12500,
      15000,
      17500,
      20000,
      22500,
      25000
    ],
    "train_loss": [
      0.9705489751696587,
      0.8661896359920501,
      0.7950889040529728,
      0.7211527399718761,
      0.7012181490659714,
      0.5853345473110676,
      0.5691019900143146,
      0.5247004726529121,
      0.5048063305020333,
      0.4830338755249977
    ],
    "lr": [
      0.00029994682650237613,
      0.00029808984576852127,
      0.0002936130606873837,
      0.00028659843585228877,
      0.00027717440067441404,
      0.00026551349799350726,
      0.0002518292250243608,
      0.00023637212447754545,
      0.000219425197421316,
      0.00020129872186971706
    ],
    "val_TEMP": [
      0.48323233088821743,
      0.4837119040101873,
      0.4764498919131462,
      0.4930596959430656,
      0.48896881548914584,
      0.5186155513335453,
      0.4922344870419417,
      0.4813217227802032,
      0.5200398956697211,
      0.5444445537985297
    ],
    "val_SALT": [
      0.10817344506973742,
      0.10734088313290649,
      0.11033903432164509,
      0.11100504256124757,
      0.11198404775572302,
      0.11614736484443951,
      0.1126587244279779,
      0.10845629281485356,
      0.11270546825561649,
      0.1134101469632517
    ],
    "val_score": [
      0.9534423318071312,
      0.9502673276336404,
      0.9562127767693073,
      0.9756020441607931,
      0.9758384523505864,
      1.023488725722343,
      0.9820346852749384,
      0.9527881111053459,
      1.0098094032093068,
      1.037097021753088
    ]
  }
}