{
  "tag": "scale_mbca_L512d256",
  "task": "week4_full_train",
  "variant": "mbca",
  "config": "profiles_woa_surf",
  "protocol": "protocol_v1",
  "git_commit": "072c97a67f487f47826427daf2b98554e905938e",
  "smoke": false,
  "seed": 1234,
  "device": "NVIDIA A100-SXM4-80GB",
  "tf32": true,
  "steps": 40000,
  "val_every": 2500,
  "patience": 6,
  "queries_per_step": 16384,
  "lr": 0.0003,
  "lr_min": 1e-05,
  "schedule": "cosine",
  "optimizer": "Adam",
  "n_params": 4735490,
  "d_model": 256,
  "n_latent": 512,
  "n_heads": 8,
  "n_self_blocks": 6,
  "profile_count_augmentation": [
    0,
    3000
  ],
  "n_profiles_eval": 1500,
  "obs_query_frac": 0.25,
  "warmup": 2000,
  "input_noise": 0.0,
  "weight_decay": 0.0,
  "val_queries_subsample": 100000,
  "coord_features": "fourier_v2",
  "train_months": 276,
  "val_months": 36,
  "test_months": [
    1933,
    1935,
    1936,
    1938,
    1942,
    1946,
    1952,
    1953,
    1956,
    1965,
    1967,
    1976
  ],
  "val_floor": {
    "TEMP": 0.5042736524242883,
    "SALT": 0.11403355393214286
  },
  "test_floor": {
    "TEMP": 0.5521032754278901,
    "SALT": 0.13053003502042992
  },
  "ckpt": "/home/nvidia/ocean_project/outputs/ckpt/scale_mbca_L512d256.pt",
  "status": "done",
  "best": {
    "score": 0.9371217205422262,
    "step": 5000,
    "val_TEMP": 0.47084489270224833,
    "val_SALT": 0.10725247474299857
  },
  "test": {
    "TEMP": 0.5173701107591383,
    "SALT": 0.12153572599264763,
    "by_band": {
      "TEMP": {
        "0-100m": 0.6124781074150872,
        "100-300m": 0.5449918157997822,
        "300-max": 0.18584530318732162
      },
      "SALT": {
        "0-100m": 0.16965260182033176,
        "100-300m": 0.08732686801281406,
        "300-max": 0.02487012590574492
      }
    },
    "by_depth": {
      "TEMP": [
        0.5862530703499003,
        0.5810762119378734,
        0.5740553680672368,
        0.5820615571621934,
        0.6140399692889998,
        0.6406783402785637,
        0.6547619085045278,
        0.662640272509316,
        0.6857934657362242,
        0.6720852290333696,
        0.6163365294642288,
        0.5446011124496352,
        0.47020034911905245,
        0.3827819148406984,
        0.31887026896620374,
        0.27188834910198484,
        0.22176735266773503,
        0.17162097898692488,
        0.11355711614659336,
        0.06985267261701442
      ],
      "SALT": [
        0.19976763672252176,
        0.19583981045328053,
        0.18784623783084312,
        0.17202541924112288,
        0.16357549353487957,
        0.1529867294723903,
        0.142505330822409,
        0.12590051382766324,
        0.1115943381274541,
        0.10337604801197671,
        0.09579858318170693,
        0.0883397312011261,
        0.0790142225837193,
        0.06467289786327342,
        0.05055869158936866,
        0.03816180179896104,
        0.028622925635782635,
        0.021008010235156332,
        0.014426071248685824,
        0.011124437010910584
      ]
    },
    "skill_vs_floor": {
      "TEMP": 0.0629106296133326,
      "SALT": 0.06890604929642863
    }
  },
  "optimizer_steps": 20000,
  "gpu_hours": 0.65,
  "curves": {
    "step": [
      2500,
      5000,
      7500,
      10000,
      12500,
      15000,
      17500,
      20000
    ],
    "train_loss": [
      0.9917931345105171,
      0.8329669684171677,
      0.717030000090599,
      0.6233059632778167,
      0.5368481989204884,
      0.46546400755643846,
      0.4085023008286953,
      0.3683099433779716
    ],
    "lr": [
      0.0002998761349661586,
      0.0002955630385612029,
      0.0002852666923743369,
      0.00026942537386247706,
      0.00024871338948983634,
      0.00022401237199037567,
      0.00019637375251612023,
      0.0001669740050934882
    ],
    "val_TEMP": [
      0.48862507121033477,
      0.47084489270224833,
      0.4840444514834171,
      0.5101601569697854,
      0.48496439136975994,
      0.4849065986626655,
      0.49034503002843777,
      0.4794282461278941
    ],
    "val_SALT": [
      0.10938290072441817,
      0.10725247474299857,
      0.11120132763754628,
      0.11442451105250136,
      0.11505097212130089,
      0.1168408439918733,
      0.11942392704787078,
      0.11737362290568401
    ],
    "val_score": [
      0.9640924385666811,
      0.9371217205422262,
      0.9675238488451836,
      1.007550836860145,
      0.9853154298222733,
      0.9931061321976393,
      1.0098244516207706,
      0.9900102700175517
    ]
  }
}